date,n_articles,avg_negative,avg_neutral,avg_positive,close,next_close,next_day_pct,direction
2021-05-03,6,0.0448,0.6841,0.2711,128.97,124.41,-3.5385,DOWN
2021-05-04,38,0.1601,0.6233,0.2166,124.41,124.65,0.1955,UP
2021-05-05,20,0.1808,0.5281,0.2911,124.65,126.25,1.2803,UP
2021-05-06,14,0.1562,0.6718,0.172,126.25,126.92,0.5328,UP
2021-05-07,11,0.2011,0.6225,0.1764,126.92,123.65,-2.5805,DOWN
2021-05-10,5,0.1426,0.7542,0.1032,123.65,122.73,-0.741,DOWN
2021-05-11,11,0.3322,0.4291,0.2387,122.73,119.67,-2.4939,DOWN
2021-05-12,24,0.2799,0.5088,0.2113,119.67,121.81,1.792,UP
2021-05-13,22,0.3747,0.427,0.1983,121.81,124.23,1.9845,UP
2021-05-14,16,0.208,0.5853,0.2067,124.23,123.08,-0.9259,DOWN
2021-05-17,4,0.1683,0.7235,0.1082,123.08,121.7,-1.1246,DOWN
2021-05-18,16,0.1805,0.6055,0.214,121.7,121.54,-0.1282,DOWN
2021-05-19,19,0.1051,0.7317,0.1632,121.54,124.1,2.1012,UP
2021-05-20,17,0.2328,0.5919,0.1753,124.1,122.26,-1.4767,DOWN
2021-05-21,14,0.095,0.6389,0.2661,122.26,123.89,1.3314,UP
2021-05-24,4,0.0623,0.7898,0.148,123.89,123.7,-0.1573,DOWN
2021-05-25,13,0.1484,0.7059,0.1457,123.7,123.65,-0.0394,DOWN
2021-05-26,12,0.2121,0.5654,0.2225,123.65,122.12,-1.2377,DOWN
2021-05-27,12,0.082,0.7055,0.2125,122.12,121.46,-0.5348,DOWN
2021-05-28,12,0.124,0.5972,0.2788,121.46,121.14,-0.2648,DOWN
2021-06-01,7,0.0345,0.8835,0.082,121.14,121.9,0.6276,UP
2021-06-02,12,0.1118,0.607,0.2812,121.9,120.42,-1.2154,DOWN
2021-06-03,13,0.1654,0.5939,0.2407,120.42,122.71,1.9022,UP
2021-06-04,16,0.2263,0.5827,0.191,122.71,122.72,0.008,UP
2021-06-07,9,0.1551,0.7947,0.0502,122.72,123.54,0.6672,UP
2021-06-08,24,0.2037,0.6875,0.1088,123.54,123.92,0.3077,UP
2021-06-09,23,0.1085,0.6776,0.2138,123.92,122.93,-0.8023,DOWN
2021-06-10,22,0.1456,0.6341,0.2204,122.93,124.13,0.9833,UP
2021-06-11,25,0.1498,0.7016,0.1486,124.13,127.19,2.4578,UP
2021-06-14,9,0.1308,0.6762,0.1929,127.19,126.37,-0.6437,DOWN
2021-06-15,18,0.2561,0.614,0.1299,126.37,126.86,0.3934,UP
2021-06-16,17,0.1386,0.7178,0.1436,126.86,128.46,1.2601,UP
2021-06-17,19,0.0811,0.7966,0.1223,128.46,127.17,-1.0091,DOWN
2021-06-18,16,0.1439,0.7373,0.1188,127.17,128.96,1.4104,UP
2021-06-21,9,0.171,0.6741,0.1548,128.96,130.6,1.2698,UP
2021-06-22,19,0.1555,0.6647,0.1798,130.6,130.32,-0.209,DOWN
2021-06-23,19,0.0922,0.6288,0.2791,130.32,130.04,-0.2169,DOWN
2021-06-24,23,0.0818,0.5761,0.3421,130.04,129.75,-0.2249,DOWN
2021-06-25,27,0.0719,0.6883,0.2398,129.75,131.38,1.2546,UP
2021-06-28,3,0.0203,0.9327,0.0469,131.38,132.89,1.15,UP
2021-06-29,15,0.1191,0.6557,0.2252,132.89,133.5,0.4621,UP
2021-06-30,22,0.1939,0.6227,0.1834,133.5,133.8,0.2263,UP
2021-07-01,22,0.1567,0.6786,0.1647,133.8,136.43,1.9597,UP
2021-07-02,9,0.2489,0.5182,0.2329,136.43,138.43,1.4719,UP
2021-07-06,7,0.0163,0.8526,0.1311,138.43,140.92,1.7955,UP
2021-07-07,23,0.1601,0.5638,0.2762,140.92,139.62,-0.92,DOWN
2021-07-08,17,0.0922,0.5817,0.3261,139.62,141.45,1.3055,UP
2021-07-09,29,0.2495,0.5362,0.2143,141.45,140.85,-0.4204,DOWN
2021-07-12,7,0.0275,0.6237,0.3488,140.85,141.96,0.789,UP
2021-07-13,20,0.11,0.5352,0.3548,141.96,145.38,2.41,UP
2021-07-14,25,0.2231,0.5716,0.2053,145.38,144.73,-0.4492,DOWN
2021-07-15,28,0.0972,0.5859,0.3169,144.73,142.69,-1.4076,DOWN
2021-07-16,35,0.1329,0.5539,0.3132,142.69,138.85,-2.6914,DOWN
2021-07-19,4,0.0194,0.9043,0.0763,138.85,142.46,2.5974,UP
2021-07-20,19,0.2244,0.6201,0.1554,142.46,141.73,-0.5132,DOWN
2021-07-21,22,0.1574,0.4846,0.358,141.73,143.09,0.9629,UP
2021-07-22,26,0.2264,0.6203,0.1533,143.09,144.81,1.1989,UP
2021-07-23,35,0.0818,0.6237,0.2945,144.81,145.23,0.2895,UP
2021-07-26,12,0.1137,0.8176,0.0687,145.23,143.06,-1.49,DOWN
2021-07-27,34,0.1007,0.6348,0.2645,143.06,141.32,-1.2196,DOWN
2021-07-28,45,0.2297,0.5172,0.2531,141.32,141.96,0.4552,UP
2021-07-29,35,0.2369,0.4507,0.3124,141.96,142.18,0.151,UP
2021-07-30,26,0.3154,0.4661,0.2184,142.18,141.85,-0.2331,DOWN
2021-08-02,10,0.1355,0.8061,0.0584,141.85,143.64,1.2644,UP
2021-08-03,19,0.1522,0.5986,0.2492,143.64,143.24,-0.2782,DOWN
2021-08-04,25,0.1672,0.5116,0.3212,143.24,143.35,0.0749,UP
2021-08-05,20,0.2464,0.5452,0.2084,143.35,142.66,-0.4767,DOWN
2021-08-06,17,0.0888,0.734,0.1771,142.66,142.61,-0.0342,DOWN
2021-08-09,5,0.0522,0.8215,0.1262,142.61,142.14,-0.3354,DOWN
2021-08-10,13,0.2015,0.543,0.2554,142.14,142.39,0.1786,UP
2021-08-11,16,0.0481,0.7016,0.2504,142.39,145.35,2.0773,UP
2021-08-12,23,0.2191,0.5082,0.2727,145.35,145.55,0.141,UP
2021-08-13,17,0.2835,0.4897,0.2267,145.55,147.53,1.3548,UP
2021-08-16,7,0.2021,0.5123,0.2856,147.53,146.62,-0.6154,DOWN
2021-08-17,18,0.1435,0.6844,0.1721,146.62,142.88,-2.5501,DOWN
2021-08-18,21,0.1877,0.6111,0.2012,142.88,143.21,0.2323,UP
2021-08-19,13,0.2302,0.532,0.2378,143.21,144.66,1.0157,UP
2021-08-20,19,0.1923,0.5511,0.2566,144.66,146.15,1.0257,UP
2021-08-23,5,0.0564,0.9051,0.0385,146.15,146.06,-0.0601,DOWN
2021-08-24,17,0.136,0.6985,0.1655,146.06,144.83,-0.8422,DOWN
2021-08-25,27,0.1518,0.6666,0.1816,144.83,144.03,-0.5527,DOWN
2021-08-26,22,0.0998,0.5759,0.3243,144.03,145.07,0.7185,UP
2021-08-27,18,0.1956,0.5498,0.2546,145.07,149.48,3.0417,UP
2021-08-30,5,0.035,0.8271,0.1379,149.48,148.22,-0.8425,DOWN
2021-08-31,23,0.1895,0.6156,0.1949,148.22,148.88,0.4479,UP
2021-09-01,26,0.1751,0.5562,0.2687,148.88,150.0,0.7475,UP
2021-09-02,30,0.1993,0.5952,0.2056,150.0,150.63,0.423,UP
2021-09-03,25,0.1179,0.6369,0.2452,150.63,152.96,1.549,UP
2021-09-07,6,0.0236,0.6006,0.3758,152.96,151.42,-1.0084,DOWN
2021-09-08,26,0.1731,0.5574,0.2695,151.42,150.41,-0.6705,DOWN
2021-09-09,27,0.1573,0.5647,0.2781,150.41,145.43,-3.3102,DOWN
2021-09-10,21,0.1583,0.6109,0.2308,145.43,145.99,0.3893,UP
2021-09-13,9,0.0515,0.813,0.1354,145.99,144.6,-0.9562,DOWN
2021-09-14,31,0.281,0.4613,0.2577,144.6,145.48,0.6144,UP
2021-09-15,45,0.2282,0.6104,0.1614,145.48,145.25,-0.1611,DOWN
2021-09-16,32,0.2403,0.6154,0.1442,145.25,142.59,-1.8348,DOWN
2021-09-17,25,0.2219,0.584,0.1941,142.59,139.54,-2.1361,DOWN
2021-09-20,9,0.0236,0.8683,0.1082,139.54,140.02,0.3428,UP
2021-09-21,25,0.1558,0.6649,0.1793,140.02,142.38,1.6872,UP
2021-09-22,34,0.134,0.698,0.168,142.38,143.34,0.672,UP
2021-09-23,14,0.102,0.7261,0.1719,143.34,143.43,0.0613,UP
2021-09-24,30,0.2643,0.5008,0.2348,143.43,141.91,-1.055,DOWN
2021-09-27,9,0.1214,0.7425,0.1361,141.91,138.53,-2.3801,DOWN
2021-09-28,16,0.1902,0.501,0.3088,138.53,139.43,0.6483,UP
2021-09-29,22,0.1365,0.5479,0.3156,139.43,138.13,-0.9312,DOWN
2021-09-30,19,0.1859,0.6414,0.1727,138.13,139.26,0.8127,UP
2021-10-01,17,0.1494,0.7882,0.0625,139.26,135.83,-2.4605,DOWN
2021-10-04,8,0.0263,0.7692,0.2045,135.83,137.75,1.4158,UP
2021-10-05,18,0.2272,0.4822,0.2906,137.75,138.62,0.6307,UP
2021-10-06,19,0.3344,0.5304,0.1352,138.62,139.88,0.9084,UP
2021-10-07,25,0.2624,0.5522,0.1854,139.88,139.5,-0.2722,DOWN
2021-10-08,19,0.2356,0.6608,0.1036,139.5,139.41,-0.063,DOWN
2021-10-11,4,0.1851,0.5114,0.3035,139.41,138.14,-0.9103,DOWN
2021-10-12,18,0.0642,0.6842,0.2516,138.14,137.56,-0.424,DOWN
2021-10-13,24,0.1259,0.6459,0.2282,137.56,140.34,2.0225,UP
2021-10-14,28,0.2529,0.6163,0.1308,140.34,141.39,0.7513,UP
2021-10-15,21,0.1124,0.6681,0.2195,141.39,143.06,1.1806,UP
2021-10-18,7,0.1967,0.6834,0.1199,143.06,145.22,1.508,UP
2021-10-19,20,0.1282,0.6199,0.252,145.22,145.71,0.3361,UP
2021-10-20,20,0.1804,0.556,0.2635,145.71,145.92,0.1474,UP
2021-10-21,17,0.0325,0.6508,0.3167,145.92,145.15,-0.5285,DOWN
2021-10-22,21,0.1949,0.5721,0.233,145.15,145.1,-0.0336,DOWN
2021-10-25,8,0.2402,0.7021,0.0577,145.1,145.77,0.4575,UP
2021-10-26,28,0.2153,0.6247,0.16,145.77,145.31,-0.3148,DOWN
2021-10-27,31,0.1052,0.5942,0.3006,145.31,148.94,2.4992,UP
2021-10-28,41,0.3088,0.4553,0.2359,148.94,146.24,-1.8156,DOWN
2021-10-29,31,0.2692,0.4456,0.2852,146.24,145.42,-0.5608,DOWN
2021-11-01,14,0.2355,0.5599,0.2046,145.42,146.45,0.7116,UP
2021-11-02,27,0.1645,0.6421,0.1934,146.45,147.89,0.9798,UP
2021-11-03,15,0.1752,0.7069,0.1179,147.89,147.37,-0.3498,DOWN
2021-11-04,12,0.172,0.6084,0.2196,147.37,147.9,0.3582,UP
2021-11-05,20,0.1036,0.7354,0.161,147.9,147.08,-0.5553,DOWN
2021-11-08,5,0.1639,0.7426,0.0935,147.08,147.44,0.2459,UP
2021-11-09,14,0.1556,0.5483,0.2961,147.44,144.61,-1.9163,DOWN
2021-11-10,14,0.0205,0.7462,0.2333,144.61,144.56,-0.0338,DOWN
2021-11-11,17,0.2678,0.5583,0.1739,144.56,146.64,1.4337,UP
2021-11-12,17,0.1725,0.6265,0.201,146.64,146.65,0.0067,UP
2021-11-15,6,0.024,0.7771,0.1989,146.65,147.62,0.6666,UP
2021-11-16,14,0.0296,0.6507,0.3197,147.62,150.06,1.649,UP
2021-11-17,19,0.0686,0.8114,0.12,150.06,154.34,2.8536,UP
2021-11-18,22,0.1566,0.6403,0.2031,154.34,156.96,1.6976,UP
2021-11-19,21,0.1672,0.7388,0.0941,156.96,157.42,0.2928,UP
2021-11-22,8,0.0419,0.7512,0.2068,157.42,157.8,0.2422,UP
2021-11-23,13,0.0939,0.6973,0.2088,157.8,158.32,0.3284,UP
2021-11-24,18,0.2108,0.5861,0.2031,158.32,153.3,-3.1678,DOWN
2021-11-26,5,0.1546,0.7751,0.0703,153.3,156.66,2.1873,UP
2021-11-29,2,0.0518,0.8562,0.092,156.66,161.6,3.1578,UP
2021-11-30,18,0.0839,0.6593,0.2569,161.6,161.09,-0.3206,DOWN
2021-12-01,12,0.1801,0.5498,0.2701,161.09,160.1,-0.613,DOWN
2021-12-02,20,0.1608,0.7011,0.1381,160.1,158.22,-1.1724,DOWN
2021-12-03,25,0.2891,0.4672,0.2437,158.22,161.62,2.1503,UP
2021-12-06,4,0.086,0.7687,0.1454,161.62,167.35,3.5446,UP
2021-12-07,15,0.2207,0.5681,0.2112,167.35,171.16,2.2783,UP
2021-12-08,23,0.1616,0.6239,0.2145,171.16,170.66,-0.297,DOWN
2021-12-09,21,0.1818,0.6175,0.2007,170.66,175.44,2.8013,UP
2021-12-10,25,0.1993,0.5825,0.2183,175.44,171.81,-2.0674,DOWN
2021-12-13,10,0.2086,0.5179,0.2736,171.81,170.43,-0.8023,DOWN
2021-12-14,30,0.1698,0.6102,0.22,170.43,175.29,2.8509,UP
2021-12-15,19,0.2396,0.6463,0.1141,175.29,168.41,-3.9264,DOWN
2021-12-16,16,0.1365,0.6825,0.181,168.41,167.31,-0.6502,DOWN
2021-12-17,21,0.2853,0.4846,0.2301,167.31,165.95,-0.8122,DOWN
2021-12-20,4,0.1399,0.7182,0.1419,165.95,169.12,1.9087,UP
2021-12-21,10,0.3142,0.492,0.1938,169.12,171.71,1.5319,UP
2021-12-22,17,0.2685,0.5302,0.2013,171.71,172.34,0.3644,UP
2021-12-23,18,0.0246,0.7401,0.2353,172.34,176.3,2.2975,UP
2021-12-27,7,0.059,0.5226,0.4184,176.3,175.28,-0.5767,DOWN
2021-12-28,15,0.2023,0.6215,0.1761,175.28,175.37,0.0502,UP
2021-12-29,22,0.2625,0.4897,0.2478,175.37,174.21,-0.6578,DOWN
2021-12-30,30,0.1442,0.6754,0.1804,174.21,173.6,-0.3535,DOWN
2021-12-31,21,0.0704,0.743,0.1866,173.6,177.94,2.5004,UP
2022-01-03,5,0.0191,0.9088,0.0721,177.94,175.68,-1.2692,DOWN
2022-01-04,30,0.1345,0.6193,0.2462,175.68,171.01,-2.66,DOWN
2022-01-05,29,0.089,0.5895,0.3215,171.01,168.15,-1.6693,DOWN
2022-01-06,18,0.1206,0.6168,0.2626,168.15,168.32,0.0988,UP
2022-01-07,22,0.0847,0.628,0.2873,168.32,168.34,0.0116,UP
2022-01-10,7,0.2223,0.599,0.1786,168.34,171.16,1.6784,UP
2022-01-11,31,0.0819,0.7378,0.1803,171.16,171.6,0.257,UP
2022-01-12,21,0.0897,0.668,0.2424,171.6,168.34,-1.9028,DOWN
2022-01-13,25,0.0751,0.6181,0.3068,168.34,169.2,0.5111,UP
2022-01-14,26,0.2258,0.5013,0.2729,169.2,166.0,-1.8894,DOWN
2022-01-18,12,0.0459,0.7172,0.2369,166.0,162.51,-2.1025,DOWN
2022-01-19,21,0.1685,0.5325,0.299,162.51,160.83,-1.0347,DOWN
2022-01-20,24,0.1871,0.5878,0.2252,160.83,158.78,-1.2765,DOWN
2022-01-21,25,0.0743,0.7089,0.2168,158.78,158.01,-0.4864,DOWN
2022-01-24,12,0.1895,0.6476,0.1629,158.01,156.21,-1.1384,DOWN
2022-01-25,34,0.2815,0.5749,0.1437,156.21,156.12,-0.0564,DOWN
2022-01-26,21,0.1588,0.7209,0.1203,156.12,155.66,-0.2943,DOWN
2022-01-27,21,0.1975,0.596,0.2065,155.66,166.52,6.9778,UP
2022-01-28,30,0.2967,0.4371,0.2662,166.52,170.87,2.6126,UP
2022-01-31,12,0.1325,0.7454,0.1221,170.87,170.71,-0.0972,DOWN
2022-02-01,28,0.266,0.5447,0.1893,170.71,171.91,0.7044,UP
2022-02-02,25,0.2339,0.5446,0.2214,171.91,169.03,-1.672,DOWN
2022-02-03,26,0.1749,0.5503,0.2748,169.03,168.75,-0.1679,DOWN
2022-02-04,38,0.3484,0.4276,0.224,168.75,168.04,-0.4235,DOWN
2022-02-07,7,0.1769,0.6466,0.1765,168.04,171.14,1.8467,UP
2022-02-08,21,0.3118,0.5082,0.1799,171.14,172.56,0.8294,UP
2022-02-09,26,0.23,0.5816,0.1885,172.56,168.49,-2.3599,DOWN
2022-02-10,33,0.1488,0.6149,0.2363,168.49,165.08,-2.0219,DOWN
2022-02-11,19,0.1458,0.553,0.3012,165.08,165.31,0.1423,UP
2022-02-14,4,0.0175,0.6712,0.3113,165.31,169.14,2.3152,UP
2022-02-15,17,0.0676,0.7756,0.1568,169.14,168.91,-0.1389,DOWN
2022-02-16,25,0.1016,0.6289,0.2696,168.91,165.31,-2.1269,DOWN
2022-02-17,22,0.1503,0.5911,0.2586,165.31,163.77,-0.9356,DOWN
2022-02-18,26,0.1137,0.6417,0.2446,163.77,160.85,-1.7812,DOWN
2022-02-22,12,0.2413,0.6559,0.1029,160.85,156.69,-2.5864,DOWN
2022-02-23,24,0.2596,0.685,0.0554,156.69,159.3,1.668,UP
2022-02-24,17,0.2069,0.5133,0.2798,159.3,161.37,1.2965,UP
2022-02-25,18,0.3061,0.5431,0.1509,161.37,161.63,0.1638,UP
2022-02-28,5,0.23,0.6765,0.0935,161.63,159.75,-1.1628,DOWN
2022-03-01,16,0.1935,0.6522,0.1543,159.75,163.04,2.0588,UP
2022-03-02,22,0.1035,0.5586,0.3378,163.04,162.72,-0.1981,DOWN
2022-03-03,32,0.1775,0.5491,0.2733,162.72,159.72,-1.8408,DOWN
2022-03-04,26,0.2717,0.497,0.2313,159.72,155.94,-2.3718,DOWN
2022-03-07,3,0.3253,0.4726,0.2021,155.94,154.12,-1.1676,DOWN
2022-03-08,24,0.2833,0.5817,0.135,154.12,159.51,3.4997,UP
2022-03-09,33,0.1392,0.586,0.2748,159.51,155.17,-2.7186,DOWN
2022-03-10,28,0.1809,0.4643,0.3548,155.17,151.46,-2.3909,DOWN
2022-03-11,24,0.0843,0.6754,0.2403,151.46,147.44,-2.6562,DOWN
2022-03-14,6,0.0232,0.9236,0.0532,147.44,151.81,2.9677,UP
2022-03-15,33,0.2349,0.5403,0.2248,151.81,156.22,2.9016,UP
2022-03-16,24,0.1503,0.6525,0.1972,156.22,157.23,0.6454,UP
2022-03-17,22,0.1798,0.6681,0.1521,157.23,160.52,2.0919,UP
2022-03-18,26,0.14,0.6815,0.1786,160.52,161.89,0.8537,UP
2022-03-21,7,0.0439,0.8723,0.0839,161.89,165.25,2.0801,UP
2022-03-22,19,0.1178,0.7336,0.1486,165.25,166.62,0.8233,UP
2022-03-23,20,0.0913,0.5886,0.3201,166.62,170.39,2.2678,UP
2022-03-24,21,0.0364,0.7334,0.2302,170.39,171.03,0.3734,UP
2022-03-25,21,0.0611,0.7376,0.2013,171.03,171.89,0.5037,UP
2022-03-28,5,0.1747,0.6828,0.1424,171.89,175.18,1.9135,UP
2022-03-29,27,0.1399,0.5925,0.2677,175.18,174.02,-0.665,DOWN
2022-03-30,27,0.1449,0.6555,0.1996,174.02,170.92,-1.7776,DOWN
2022-03-31,40,0.2062,0.5717,0.2221,170.92,170.63,-0.1719,DOWN
2022-04-01,29,0.1931,0.5781,0.2289,170.63,174.67,2.3694,UP
2022-04-04,6,0.1774,0.7282,0.0944,174.67,171.36,-1.8942,DOWN
2022-04-05,23,0.1477,0.7074,0.1449,171.36,168.2,-1.8451,DOWN
2022-04-06,25,0.0757,0.7814,0.1429,168.2,168.5,0.1804,UP
2022-04-07,15,0.1456,0.5949,0.2595,168.5,166.5,-1.1909,DOWN
2022-04-08,23,0.1343,0.6864,0.1794,166.5,162.25,-2.5516,DOWN
2022-04-11,3,0.0192,0.7291,0.2516,162.25,164.12,1.1523,UP
2022-04-12,18,0.0694,0.667,0.2636,164.12,166.8,1.6343,UP
2022-04-13,27,0.0985,0.7482,0.1533,166.8,161.8,-2.9988,DOWN
2022-04-14,26,0.1564,0.6425,0.2011,161.8,161.58,-0.1331,DOWN
2022-04-18,2,0.0535,0.9001,0.0464,161.58,163.86,1.4115,UP
2022-04-19,27,0.2206,0.6226,0.1568,163.86,163.7,-0.1015,DOWN
2022-04-20,25,0.1617,0.6621,0.1761,163.7,162.91,-0.4844,DOWN
2022-04-21,25,0.2041,0.5667,0.2292,162.91,158.37,-2.7821,DOWN
2022-04-22,32,0.2308,0.5661,0.2031,158.37,159.44,0.6737,UP
2022-04-25,9,0.1249,0.8126,0.0624,159.44,153.49,-3.7328,DOWN
2022-04-26,32,0.3037,0.581,0.1153,153.49,153.26,-0.1467,DOWN
2022-04-27,24,0.2704,0.5612,0.1685,153.26,160.18,4.5156,UP
2022-04-28,26,0.2129,0.626,0.1611,160.18,154.32,-3.6605,DOWN
2022-04-29,37,0.1822,0.5514,0.2664,154.32,154.62,0.1966,UP
2022-05-02,5,0.1807,0.767,0.0523,154.62,156.11,0.9623,UP
2022-05-03,27,0.2574,0.6275,0.1151,156.11,162.51,4.1008,UP
2022-05-04,14,0.1731,0.6113,0.2156,162.51,153.46,-5.5716,DOWN
2022-05-05,15,0.1676,0.6567,0.1757,153.46,154.18,0.4727,UP
2022-05-06,26,0.3121,0.6113,0.0766,154.18,149.07,-3.3189,DOWN
2022-05-09,5,0.2939,0.5592,0.1468,149.07,151.47,1.6112,UP
2022-05-10,25,0.2401,0.6356,0.1243,151.47,143.62,-5.1841,DOWN
2022-05-11,14,0.1817,0.6661,0.1522,143.62,139.75,-2.6894,DOWN
2022-05-12,22,0.1741,0.5997,0.2262,139.75,144.21,3.1916,UP
2022-05-13,36,0.2418,0.4864,0.2718,144.21,142.68,-1.0672,DOWN
2022-05-16,3,0.0376,0.8939,0.0685,142.68,146.3,2.5423,UP
2022-05-17,12,0.1347,0.716,0.1493,146.3,138.05,-5.6419,DOWN
2022-05-18,21,0.1345,0.6907,0.1748,138.05,134.65,-2.4641,DOWN
2022-05-19,26,0.2479,0.6285,0.1236,134.65,134.88,0.1747,UP
2022-05-20,28,0.1848,0.6742,0.141,134.88,140.29,4.0119,UP
2022-05-23,5,0.2039,0.6363,0.1598,140.29,137.6,-1.9216,DOWN
2022-05-24,20,0.1097,0.6614,0.2288,137.6,137.75,0.114,UP
2022-05-25,29,0.2809,0.5776,0.1414,137.75,140.95,2.32,UP
2022-05-26,20,0.2187,0.5654,0.2159,140.95,146.7,4.0757,UP
2022-05-27,20,0.1431,0.5107,0.3461,146.7,145.91,-0.5346,DOWN
2022-05-31,9,0.0658,0.7878,0.1464,145.91,145.78,-0.0874,DOWN
2022-06-01,17,0.1529,0.7227,0.1244,145.78,148.23,1.6811,UP
2022-06-02,19,0.1815,0.6121,0.2064,148.23,142.52,-3.8556,DOWN
2022-06-03,21,0.2742,0.6205,0.1052,142.52,143.26,0.5228,UP
2022-06-06,5,0.1275,0.7261,0.1463,143.26,145.78,1.7586,UP
2022-06-07,16,0.1255,0.7879,0.0866,145.78,145.05,-0.5044,DOWN
2022-06-08,20,0.0601,0.7369,0.203,145.05,139.83,-3.5956,DOWN
2022-06-09,22,0.0991,0.6237,0.2772,139.83,134.43,-3.8629,DOWN
2022-06-10,23,0.2565,0.6139,0.1295,134.43,129.28,-3.8285,DOWN
2022-06-13,5,0.0224,0.8922,0.0854,129.28,130.15,0.6673,UP
2022-06-14,13,0.2207,0.6218,0.1575,130.15,132.76,2.0111,UP
2022-06-15,20,0.1465,0.673,0.1805,132.76,127.5,-3.9651,DOWN
2022-06-16,19,0.2517,0.4938,0.2545,127.5,128.97,1.1533,UP
2022-06-17,16,0.201,0.6903,0.1087,128.97,133.2,3.276,UP
2022-06-21,13,0.0289,0.8541,0.117,133.2,132.69,-0.3827,DOWN
2022-06-22,11,0.1837,0.5527,0.2636,132.69,135.55,2.1573,UP
2022-06-23,21,0.0786,0.7675,0.1538,135.55,138.87,2.4517,UP
2022-06-24,15,0.1172,0.6001,0.2827,138.87,138.87,0.0,DOWN
2022-06-27,7,0.0542,0.8552,0.0906,138.87,134.74,-2.979,DOWN
2022-06-28,19,0.0914,0.7585,0.1501,134.74,136.49,1.3024,UP
2022-06-29,19,0.2204,0.5182,0.2614,136.49,134.03,-1.8028,DOWN
2022-06-30,18,0.1784,0.6363,0.1853,134.03,136.2,1.6164,UP
2022-07-01,19,0.1823,0.7121,0.1056,136.2,138.77,1.8931,UP
2022-07-05,5,0.3857,0.3763,0.238,138.77,140.11,0.9607,UP
2022-07-06,13,0.4236,0.531,0.0454,140.11,143.47,2.4,UP
2022-07-07,16,0.1348,0.6974,0.1678,143.47,144.15,0.4715,UP
2022-07-08,16,0.0599,0.7439,0.1962,144.15,142.02,-1.4758,DOWN
2022-07-11,4,0.0643,0.8968,0.0389,142.02,142.99,0.6834,UP
2022-07-12,15,0.0889,0.7305,0.1806,142.99,142.63,-0.2536,DOWN
2022-07-13,22,0.2542,0.5191,0.2268,142.63,145.55,2.0482,UP
2022-07-14,19,0.1854,0.6315,0.1831,145.55,147.21,1.145,UP
2022-07-15,23,0.1123,0.6938,0.1939,147.21,144.18,-2.0643,DOWN
2022-07-18,5,0.0228,0.8669,0.1102,144.18,148.03,2.6722,UP
2022-07-19,21,0.1685,0.5596,0.2719,148.03,150.03,1.351,UP
2022-07-20,26,0.2379,0.5368,0.2253,150.03,152.29,1.5094,UP
2022-07-21,26,0.1773,0.6325,0.1903,152.29,151.06,-0.8111,DOWN
2022-07-22,15,0.1171,0.6121,0.2708,151.06,149.94,-0.7398,DOWN
2022-07-25,8,0.1444,0.6988,0.1568,149.94,148.62,-0.8826,DOWN
2022-07-26,25,0.1545,0.7344,0.1111,148.62,153.7,3.4234,UP
2022-07-27,19,0.3214,0.5137,0.1649,153.7,154.25,0.3572,UP
2022-07-28,14,0.2317,0.5756,0.1927,154.25,159.31,3.2793,UP
2022-07-29,28,0.2212,0.545,0.2338,159.31,158.33,-0.6154,DOWN
2022-08-01,4,0.2492,0.7117,0.0391,158.33,156.86,-0.9287,DOWN
2022-08-02,17,0.0942,0.6996,0.2062,156.86,162.86,3.8248,UP
2022-08-03,20,0.3897,0.4059,0.2044,162.86,162.55,-0.1926,DOWN
2022-08-04,14,0.1716,0.7257,0.1027,162.55,162.32,-0.1389,DOWN
2022-08-05,18,0.1224,0.772,0.1056,162.32,161.85,-0.2903,DOWN
2022-08-08,7,0.1281,0.6832,0.1887,161.85,161.9,0.0303,UP
2022-08-09,11,0.1755,0.7353,0.0892,161.9,166.14,2.6194,UP
2022-08-10,20,0.1797,0.7164,0.1039,166.14,165.4,-0.4432,DOWN
2022-08-11,13,0.245,0.6231,0.1319,165.4,168.95,2.1426,UP
2022-08-12,19,0.0311,0.645,0.324,168.95,170.02,0.6334,UP
2022-08-15,5,0.2062,0.7442,0.0496,170.02,169.86,-0.0924,DOWN
2022-08-16,13,0.1719,0.7,0.1281,169.86,171.35,0.8785,UP
2022-08-17,23,0.2367,0.572,0.1913,171.35,170.96,-0.2291,DOWN
2022-08-18,23,0.2458,0.637,0.1172,170.96,168.38,-1.5102,DOWN
2022-08-19,13,0.1298,0.6514,0.2188,168.38,164.5,-2.303,DOWN
2022-08-22,7,0.0296,0.8284,0.1421,164.5,164.17,-0.2029,DOWN
2022-08-23,13,0.0687,0.6658,0.2656,164.17,164.46,0.1794,UP
2022-08-24,24,0.2197,0.5495,0.2308,164.46,166.92,1.4923,UP
2022-08-25,13,0.0561,0.6122,0.3318,166.92,160.62,-3.7699,DOWN
2022-08-26,7,0.1708,0.766,0.0632,160.62,158.42,-1.369,DOWN
2022-08-29,3,0.025,0.9001,0.0749,158.42,156.0,-1.5306,DOWN
2022-08-30,26,0.2888,0.5341,0.1771,156.0,154.34,-1.0635,DOWN
2022-08-31,16,0.2305,0.6371,0.1324,154.34,155.07,0.4707,UP
2022-09-01,13,0.249,0.6887,0.0624,155.07,152.96,-1.3611,DOWN
2022-09-02,26,0.1398,0.767,0.0932,152.96,151.7,-0.8215,DOWN
2022-09-06,5,0.0407,0.8766,0.0827,151.7,153.1,0.9254,UP
2022-09-07,20,0.299,0.4741,0.2269,153.1,151.63,-0.9618,DOWN
2022-09-08,14,0.2615,0.6269,0.1115,151.63,154.49,1.884,UP
2022-09-09,28,0.1377,0.6045,0.2578,154.49,160.44,3.8508,UP
2022-09-12,2,0.1217,0.7517,0.1265,160.44,151.02,-5.8679,DOWN
2022-09-13,13,0.2065,0.6589,0.1346,151.02,152.47,0.9555,UP
2022-09-14,24,0.1919,0.5843,0.2237,152.47,149.58,-1.893,DOWN
2022-09-15,32,0.313,0.5702,0.1169,149.58,147.94,-1.096,DOWN
2022-09-16,24,0.1634,0.6176,0.219,147.94,151.65,2.5083,UP
2022-09-19,2,0.0707,0.8821,0.0472,151.65,154.03,1.5665,UP
2022-09-20,20,0.4006,0.5386,0.0608,154.03,150.9,-2.0268,DOWN
2022-09-21,21,0.2481,0.626,0.1259,150.9,149.94,-0.6375,DOWN
2022-09-22,11,0.0641,0.7088,0.2271,149.94,147.67,-1.5124,DOWN
2022-09-23,24,0.1665,0.6799,0.1536,147.67,148.01,0.226,UP
2022-09-26,5,0.0771,0.6992,0.2237,148.01,148.98,0.6566,UP
2022-09-27,26,0.2153,0.5706,0.2141,148.98,147.1,-1.2652,DOWN
2022-09-28,17,0.1263,0.6078,0.2659,147.1,139.87,-4.9119,DOWN
2022-09-29,29,0.4577,0.3952,0.147,139.87,135.67,-3.004,DOWN
2022-09-30,30,0.2604,0.6364,0.1031,135.67,139.84,3.0753,UP
2022-10-03,5,0.2628,0.6764,0.0608,139.84,143.42,2.5623,UP
2022-10-04,16,0.2948,0.4872,0.218,143.42,143.72,0.2053,UP
2022-10-05,26,0.1838,0.5664,0.2497,143.72,142.77,-0.6626,DOWN
2022-10-06,22,0.1658,0.5511,0.2831,142.77,137.52,-3.6718,DOWN
2022-10-07,8,0.1251,0.7511,0.1238,137.52,137.85,0.2356,UP
2022-10-10,2,0.0145,0.9164,0.0691,137.85,136.43,-1.0255,DOWN
2022-10-11,19,0.1891,0.666,0.1449,136.43,135.81,-0.4605,DOWN
2022-10-12,23,0.3437,0.4547,0.2016,135.81,140.37,3.3613,UP
2022-10-13,26,0.1433,0.5677,0.289,140.37,135.85,-3.224,DOWN
2022-10-14,22,0.1717,0.6038,0.2245,135.85,139.8,2.9123,UP
2022-10-17,6,0.0184,0.7917,0.1898,139.8,141.12,0.9409,UP
2022-10-18,26,0.137,0.6003,0.2626,141.12,141.22,0.0765,UP
2022-10-19,20,0.2501,0.5911,0.1588,141.22,140.76,-0.3267,DOWN
2022-10-20,10,0.1784,0.434,0.3876,140.76,144.57,2.7059,UP
2022-10-21,18,0.2137,0.6595,0.1268,144.57,146.71,1.4803,UP
2022-10-24,4,0.322,0.497,0.181,146.71,149.55,1.9337,UP
2022-10-25,25,0.1708,0.4973,0.3319,149.55,146.61,-1.9627,DOWN
2022-10-26,37,0.2012,0.544,0.2549,146.61,142.15,-3.0465,DOWN
2022-10-27,31,0.3099,0.4325,0.2576,142.15,152.89,7.5553,UP
2022-10-28,27,0.2521,0.4974,0.2504,152.89,150.53,-1.5411,DOWN
2022-10-31,2,0.479,0.048,0.473,150.53,147.89,-1.7543,DOWN
2022-11-01,29,0.1864,0.6008,0.2128,147.89,142.37,-3.7305,DOWN
2022-11-02,18,0.2298,0.6113,0.1589,142.37,136.34,-4.2405,DOWN
2022-11-03,21,0.1967,0.648,0.1553,136.34,136.07,-0.1947,DOWN
2022-11-04,17,0.3626,0.4546,0.1828,136.07,136.6,0.3903,UP
2022-11-07,2,0.0607,0.589,0.3503,136.6,137.17,0.4175,UP
2022-11-08,23,0.3381,0.4504,0.2115,137.17,132.62,-3.319,DOWN
2022-11-09,13,0.0955,0.7484,0.156,132.62,144.42,8.8975,UP
2022-11-10,24,0.2857,0.5852,0.1292,144.42,147.2,1.9269,UP
2022-11-11,24,0.3904,0.4764,0.1332,147.2,145.81,-0.9486,DOWN
2022-11-14,6,0.4249,0.4266,0.1485,145.81,147.54,1.1869,UP
2022-11-15,22,0.1887,0.6875,0.1238,147.54,146.31,-0.8331,DOWN
2022-11-16,13,0.0559,0.7764,0.1677,146.31,148.2,1.2972,UP
2022-11-17,19,0.1383,0.7072,0.1545,148.2,148.77,0.3782,UP
2022-11-18,14,0.1174,0.6926,0.19,148.77,145.54,-2.168,DOWN
2022-11-21,6,0.1051,0.8225,0.0725,145.54,147.67,1.4662,UP
2022-11-22,13,0.1442,0.6373,0.2185,147.67,148.55,0.5926,UP
2022-11-23,17,0.1966,0.6425,0.1609,148.55,145.64,-1.9594,DOWN
2022-11-25,3,0.0105,0.6318,0.3577,145.64,141.81,-2.6264,DOWN
2022-11-28,1,0.9436,0.0462,0.0102,141.81,138.81,-2.1148,DOWN
2022-11-29,32,0.4756,0.4259,0.0986,138.81,145.56,4.8594,UP
2022-11-30,20,0.2342,0.5437,0.2221,145.56,145.83,0.1892,UP
2022-12-01,18,0.3728,0.3905,0.2367,145.83,145.34,-0.3371,DOWN
2022-12-02,28,0.1906,0.559,0.2503,145.34,144.18,-0.7983,DOWN
2022-12-05,11,0.1542,0.6177,0.2281,144.18,140.52,-2.537,DOWN
2022-12-06,19,0.3058,0.5325,0.1617,140.52,138.59,-1.3785,DOWN
2022-12-07,18,0.1684,0.6764,0.1552,138.59,140.27,1.2133,UP
2022-12-08,21,0.248,0.5442,0.2078,140.27,139.79,-0.3435,DOWN
2022-12-09,21,0.1215,0.5644,0.3141,139.79,142.08,1.639,UP
2022-12-12,7,0.1405,0.7929,0.0666,142.08,143.04,0.6783,UP
2022-12-13,14,0.2909,0.5089,0.2002,143.04,140.82,-1.5536,DOWN
2022-12-14,13,0.2916,0.5446,0.1638,140.82,134.22,-4.6854,DOWN
2022-12-15,13,0.1699,0.6978,0.1323,134.22,132.27,-1.4579,DOWN
2022-12-16,15,0.1966,0.7142,0.0891,132.27,130.16,-1.591,DOWN
2022-12-19,5,0.0173,0.8105,0.1722,130.16,130.09,-0.0528,DOWN
2022-12-20,17,0.2042,0.3842,0.4117,130.09,133.19,2.381,UP
2022-12-21,14,0.2799,0.5683,0.1518,133.19,130.02,-2.3773,DOWN
2022-12-22,17,0.1118,0.5201,0.3681,130.02,129.66,-0.2798,DOWN
2022-12-23,19,0.2488,0.4322,0.319,129.66,127.86,-1.3878,DOWN
2022-12-27,6,0.0264,0.653,0.3206,127.86,123.94,-3.0685,DOWN
2022-12-28,21,0.2387,0.5383,0.223,123.94,127.45,2.8324,UP
2022-12-29,25,0.2137,0.5301,0.2562,127.45,127.76,0.2469,UP
2022-12-30,22,0.3483,0.4828,0.1689,127.76,122.98,-3.7405,DOWN
2023-01-03,12,0.0556,0.8036,0.1407,122.98,124.25,1.0314,UP
2023-01-04,25,0.2379,0.559,0.2031,124.25,122.93,-1.0605,DOWN
2023-01-05,33,0.2997,0.4986,0.2017,122.93,127.46,3.6794,UP
2023-01-06,23,0.174,0.6322,0.1937,127.46,127.98,0.4089,UP
2023-01-09,5,0.0971,0.8115,0.0913,127.98,128.55,0.4457,UP
2023-01-10,25,0.2278,0.5505,0.2218,128.55,131.26,2.1112,UP
2023-01-11,24,0.1817,0.6349,0.1835,131.26,131.18,-0.0599,DOWN
2023-01-12,25,0.1348,0.6592,0.206,131.18,132.51,1.0119,UP
2023-01-13,26,0.2215,0.6107,0.1678,132.51,133.67,0.8756,UP
2023-01-17,11,0.0208,0.8092,0.1699,133.67,132.95,-0.537,DOWN
2023-01-18,18,0.1381,0.6323,0.2296,132.95,133.01,0.0444,UP
2023-01-19,25,0.1343,0.5868,0.2789,133.01,135.57,1.9221,UP
2023-01-20,16,0.0825,0.7292,0.1883,135.57,138.76,2.35,UP
2023-01-23,7,0.119,0.6889,0.192,138.76,140.15,1.0063,UP
2023-01-24,23,0.0861,0.6884,0.2255,140.15,139.49,-0.4701,DOWN
2023-01-25,27,0.2021,0.6592,0.1386,139.49,141.56,1.4804,UP
2023-01-26,14,0.2107,0.6452,0.144,141.56,143.49,1.3684,UP
2023-01-27,24,0.2176,0.6358,0.1466,143.49,140.61,-2.0078,DOWN
2023-01-30,6,0.063,0.8786,0.0584,140.61,141.88,0.9021,UP
2023-01-31,22,0.2953,0.5507,0.1541,141.88,143.0,0.7901,UP
2023-02-01,25,0.2223,0.6125,0.1652,143.0,148.3,3.7063,UP
2023-02-02,24,0.3391,0.5279,0.133,148.3,151.92,2.44,UP
2023-02-03,22,0.2715,0.5328,0.1957,151.92,149.2,-1.7929,DOWN
2023-02-06,5,0.1707,0.5888,0.2405,149.2,152.07,1.9245,UP
2023-02-07,25,0.1908,0.6179,0.1913,152.07,149.38,-1.7653,DOWN
2023-02-08,24,0.2007,0.56,0.2393,149.38,148.35,-0.6912,DOWN
2023-02-09,21,0.1827,0.6363,0.181,148.35,148.72,0.2456,UP
2023-02-10,19,0.3529,0.5088,0.1383,148.72,151.51,1.8807,UP
2023-02-13,4,0.1952,0.5932,0.2116,151.51,150.87,-0.4225,DOWN
2023-02-14,14,0.2022,0.5547,0.2431,150.87,152.97,1.3903,UP
2023-02-15,9,0.1886,0.6342,0.1772,152.97,151.38,-1.0429,DOWN
2023-02-16,14,0.1828,0.7721,0.0451,151.38,150.23,-0.7547,DOWN
2023-02-17,12,0.251,0.5205,0.2286,150.23,146.22,-2.668,DOWN
2023-02-21,6,0.0712,0.8143,0.1144,146.22,146.65,0.2896,UP
2023-02-22,10,0.2872,0.5173,0.1955,146.65,147.13,0.329,UP
2023-02-23,14,0.2361,0.6493,0.1147,147.13,144.48,-1.8005,DOWN
2023-02-24,18,0.1814,0.7054,0.1132,144.48,145.67,0.8247,UP
2023-02-27,3,0.0216,0.8904,0.0881,145.67,145.17,-0.3448,DOWN
2023-02-28,16,0.1328,0.7193,0.1479,145.17,143.1,-1.4246,DOWN
2023-03-01,22,0.164,0.6637,0.1723,143.1,143.69,0.4129,UP
2023-03-02,18,0.0954,0.7102,0.1944,143.69,148.74,3.509,UP
2023-03-03,15,0.0371,0.7654,0.1974,148.74,151.49,1.8539,UP
2023-03-06,8,0.063,0.8146,0.1224,151.49,149.3,-1.4496,DOWN
2023-03-07,22,0.2965,0.5475,0.156,149.3,150.55,0.8377,UP
2023-03-08,18,0.2052,0.5756,0.2192,150.55,148.3,-1.4915,DOWN
2023-03-09,13,0.2306,0.5815,0.1879,148.3,146.24,-1.3879,DOWN
2023-03-10,16,0.1799,0.6435,0.1767,146.24,148.18,1.3266,UP
2023-03-13,5,0.0758,0.8071,0.1171,148.18,150.27,1.4089,UP
2023-03-14,14,0.2218,0.6228,0.1554,150.27,150.67,0.2621,UP
2023-03-15,10,0.1188,0.5993,0.2819,150.67,153.48,1.8694,UP
2023-03-16,9,0.2869,0.5561,0.157,153.48,152.65,-0.5454,DOWN
2023-03-17,13,0.1605,0.6612,0.1783,152.65,155.01,1.5484,UP
2023-03-20,6,0.154,0.6398,0.2062,155.01,156.86,1.1944,UP
2023-03-21,7,0.2806,0.4429,0.2765,156.86,155.43,-0.9103,DOWN
2023-03-22,14,0.1042,0.6077,0.2881,155.43,156.52,0.6969,UP
2023-03-23,14,0.1075,0.714,0.1785,156.52,157.82,0.8305,UP
2023-03-24,15,0.1711,0.5181,0.3108,157.82,155.88,-1.2293,DOWN
2023-03-27,3,0.0332,0.9123,0.0545,155.88,155.26,-0.398,DOWN
2023-03-28,12,0.1513,0.6197,0.229,155.26,158.33,1.9791,UP
2023-03-29,19,0.1903,0.6183,0.1914,158.33,159.89,0.989,UP
2023-03-30,15,0.1481,0.6642,0.1877,159.89,162.4,1.5644,UP
2023-03-31,22,0.1706,0.6687,0.1608,162.4,163.65,0.7702,UP
2023-04-03,2,0.0213,0.4715,0.5072,163.65,163.11,-0.325,DOWN
2023-04-04,23,0.1542,0.6826,0.1631,163.11,161.27,-1.129,DOWN
2023-04-05,15,0.1289,0.6197,0.2514,161.27,162.16,0.5496,UP
2023-04-06,20,0.0777,0.6589,0.2634,162.16,159.57,-1.5972,DOWN
2023-04-10,4,0.0244,0.849,0.1267,159.57,158.36,-0.7591,DOWN
2023-04-11,17,0.1292,0.6683,0.2025,158.36,157.67,-0.4353,DOWN
2023-04-12,23,0.1518,0.5567,0.2915,157.67,163.05,3.4104,UP
2023-04-13,14,0.1635,0.7337,0.1028,163.05,162.7,-0.2114,DOWN
2023-04-14,16,0.1703,0.6681,0.1616,162.7,162.72,0.0121,UP
2023-04-17,9,0.1251,0.7805,0.0944,162.72,163.94,0.7505,UP
2023-04-18,17,0.3331,0.5474,0.1195,163.94,165.08,0.6968,UP
2023-04-19,14,0.0992,0.704,0.1968,165.08,164.12,-0.5846,DOWN
2023-04-20,15,0.2958,0.5626,0.1417,164.12,162.51,-0.9781,DOWN
2023-04-21,17,0.1342,0.5935,0.2723,162.51,162.82,0.1878,UP
2023-04-24,4,0.1551,0.8035,0.0414,162.82,161.28,-0.9436,DOWN
2023-04-25,15,0.0899,0.7081,0.202,161.28,161.27,-0.0061,DOWN
2023-04-26,24,0.1644,0.6501,0.1856,161.27,165.85,2.8395,UP
2023-04-27,11,0.1882,0.5539,0.2579,165.85,167.1,0.7541,UP
2023-04-28,14,0.311,0.5112,0.1778,167.1,167.01,-0.053,DOWN
2023-05-01,6,0.2136,0.7288,0.0577,167.01,165.98,-0.6191,DOWN
2023-05-02,20,0.208,0.563,0.229,165.98,164.91,-0.6467,DOWN
2023-05-03,21,0.2148,0.6521,0.1331,164.91,163.27,-0.9913,DOWN
2023-05-04,16,0.1062,0.6819,0.2119,163.27,170.93,4.6927,UP
2023-05-05,36,0.3381,0.4239,0.238,170.93,170.86,-0.0403,DOWN
2023-05-08,9,0.1406,0.6977,0.1617,170.86,169.16,-0.9971,DOWN
2023-05-09,20,0.1937,0.6594,0.1469,169.16,170.92,1.0421,UP
2023-05-10,27,0.1261,0.639,0.2349,170.92,171.11,0.1095,UP
2023-05-11,11,0.3232,0.4208,0.256,171.11,170.18,-0.5418,DOWN
2023-05-12,17,0.1317,0.7503,0.118,170.18,169.69,-0.2897,DOWN
2023-05-15,3,0.0148,0.8006,0.1846,169.69,169.69,0.0,DOWN
2023-05-16,11,0.252,0.6211,0.1269,169.69,170.3,0.3603,UP
2023-05-17,20,0.154,0.7624,0.0836,170.3,172.63,1.3666,UP
2023-05-18,13,0.1064,0.6703,0.2233,172.63,172.74,0.0628,UP
2023-05-19,17,0.1133,0.6255,0.2612,172.74,171.79,-0.5481,DOWN
2023-05-22,8,0.1435,0.5981,0.2583,171.79,169.19,-1.5155,DOWN
2023-05-23,17,0.1982,0.5898,0.212,169.19,169.46,0.1632,UP
2023-05-24,10,0.0933,0.6539,0.2527,169.46,170.6,0.6693,UP
2023-05-25,21,0.1968,0.546,0.2573,170.6,173.0,1.4105,UP
2023-05-26,13,0.2209,0.5672,0.2119,173.0,174.85,1.066,UP
2023-05-30,8,0.0181,0.7404,0.2415,174.85,174.8,-0.0282,DOWN
2023-05-31,24,0.235,0.6008,0.1642,174.8,177.6,1.6023,UP
2023-06-01,15,0.1596,0.6362,0.2042,177.6,178.45,0.4775,UP
2023-06-02,20,0.1238,0.6433,0.2329,178.45,177.1,-0.7571,DOWN
2023-06-05,7,0.115,0.6716,0.2134,177.1,176.73,-0.206,DOWN
2023-06-06,28,0.201,0.6666,0.1324,176.73,175.36,-0.7756,DOWN
2023-06-07,35,0.1634,0.6524,0.1841,175.36,178.07,1.5465,UP
2023-06-08,27,0.1661,0.6284,0.2055,178.07,178.46,0.216,UP
2023-06-09,19,0.0452,0.7559,0.1989,178.46,181.25,1.5639,UP
2023-06-12,10,0.0877,0.7637,0.1486,181.25,180.78,-0.2612,DOWN
2023-06-13,11,0.1042,0.609,0.2868,180.78,181.41,0.3491,UP
2023-06-14,27,0.2342,0.6153,0.1505,181.41,183.44,1.1199,UP
2023-06-15,13,0.1237,0.6839,0.1924,183.44,182.36,-0.586,DOWN
2023-06-16,10,0.0251,0.867,0.1079,182.36,182.45,0.0486,UP
2023-06-20,9,0.2222,0.6349,0.1429,182.45,181.42,-0.5675,DOWN
2023-06-21,9,0.1117,0.7597,0.1286,181.42,184.41,1.6525,UP
2023-06-22,13,0.1906,0.702,0.1073,184.41,184.1,-0.1711,DOWN
2023-06-23,15,0.1776,0.7008,0.1216,184.1,182.71,-0.7553,DOWN
2023-06-26,7,0.0602,0.8802,0.0596,182.71,185.46,1.5059,UP
2023-06-27,19,0.1218,0.7331,0.1451,185.46,186.63,0.6328,UP
2023-06-28,13,0.1876,0.7119,0.1004,186.63,186.97,0.1797,UP
2023-06-29,15,0.1562,0.6436,0.2003,186.97,191.29,2.3102,UP
2023-06-30,13,0.14,0.6356,0.2244,191.29,189.8,-0.7785,DOWN
2023-07-03,6,0.035,0.8671,0.0978,189.8,188.68,-0.5871,DOWN
2023-07-05,7,0.0256,0.9101,0.0643,188.68,189.16,0.2509,UP
2023-07-06,14,0.0981,0.6713,0.2306,189.16,188.04,-0.5891,DOWN
2023-07-07,15,0.2304,0.5834,0.1861,188.04,186.0,-1.0856,DOWN
2023-07-10,3,0.0299,0.881,0.0892,186.0,185.48,-0.281,DOWN
2023-07-11,14,0.1644,0.6165,0.2191,185.48,187.15,0.8986,UP
2023-07-12,16,0.049,0.5524,0.3986,187.15,187.91,0.4057,UP
2023-07-13,17,0.1632,0.5902,0.2466,187.91,188.05,0.0787,UP
2023-07-14,16,0.0385,0.7737,0.1878,188.05,191.31,1.7305,UP
2023-07-17,3,0.0977,0.849,0.0533,191.31,191.05,-0.134,DOWN
2023-07-18,15,0.2209,0.5694,0.2098,191.05,192.4,0.7072,UP
2023-07-19,17,0.2397,0.5355,0.2248,192.4,190.46,-1.0097,DOWN
2023-07-20,12,0.1424,0.5217,0.3359,190.46,189.29,-0.6162,DOWN
2023-07-21,17,0.1266,0.665,0.2084,189.29,190.09,0.422,UP
2023-07-24,3,0.018,0.5869,0.3951,190.09,190.94,0.4514,UP
2023-07-25,17,0.0918,0.7089,0.1993,190.94,191.81,0.4545,UP
2023-07-26,15,0.0413,0.5662,0.3925,191.81,190.55,-0.6581,DOWN
2023-07-27,15,0.124,0.6657,0.2103,190.55,193.12,1.3508,UP
2023-07-28,19,0.1716,0.696,0.1324,193.12,193.73,0.3166,UP
2023-07-31,8,0.0527,0.8813,0.0659,193.73,192.91,-0.4276,DOWN
2023-08-01,24,0.1294,0.6167,0.2539,192.91,189.92,-1.549,DOWN
2023-08-02,17,0.2407,0.5197,0.2397,189.92,188.53,-0.7322,DOWN
2023-08-03,18,0.19,0.5538,0.2562,188.53,179.47,-4.802,DOWN
2023-08-04,29,0.2555,0.4775,0.267,179.47,176.38,-1.7254,DOWN
2023-08-07,8,0.1678,0.7173,0.1149,176.38,177.31,0.5312,UP
2023-08-08,24,0.3075,0.5445,0.148,177.31,175.73,-0.8954,DOWN
2023-08-09,16,0.2341,0.5214,0.2445,175.73,175.51,-0.1235,DOWN
2023-08-10,14,0.1035,0.7521,0.1444,175.51,175.57,0.0338,UP
2023-08-11,21,0.1723,0.6391,0.1887,175.57,177.22,0.9393,UP
2023-08-14,4,0.0393,0.8847,0.076,177.22,175.23,-1.12,DOWN
2023-08-15,6,0.1848,0.5116,0.3036,175.23,174.36,-0.4959,DOWN
2023-08-16,18,0.1826,0.6643,0.1531,174.36,171.83,-1.4555,DOWN
2023-08-17,11,0.1061,0.5256,0.3682,171.83,172.31,0.2816,UP
2023-08-18,15,0.1462,0.7453,0.1084,172.31,173.64,0.7737,UP
2023-08-21,4,0.071,0.836,0.093,173.64,175.02,0.7905,UP
2023-08-22,17,0.1225,0.703,0.1745,175.02,178.86,2.1949,UP
2023-08-23,16,0.1252,0.6237,0.2511,178.86,174.18,-2.6171,DOWN
2023-08-24,23,0.1046,0.6212,0.2743,174.18,176.38,1.2643,UP
2023-08-25,18,0.2039,0.6065,0.1896,176.38,177.94,0.8846,UP
2023-08-28,4,0.0279,0.7155,0.2566,177.94,181.82,2.181,UP
2023-08-29,8,0.1479,0.7142,0.1379,181.82,185.31,1.9172,UP
2023-08-30,9,0.0399,0.8043,0.1558,185.31,185.52,0.1172,UP
2023-08-31,20,0.168,0.7055,0.1265,185.52,187.09,0.8463,UP
2023-09-01,16,0.1549,0.7586,0.0865,187.09,187.33,0.1267,UP
2023-09-05,3,0.0231,0.7994,0.1775,187.33,180.62,-3.5793,DOWN
2023-09-06,14,0.0815,0.734,0.1845,180.62,175.34,-2.9249,DOWN
2023-09-07,13,0.2998,0.6099,0.0903,175.34,175.95,0.3492,UP
2023-09-08,26,0.4,0.4987,0.1014,175.95,177.12,0.6622,UP
2023-09-11,9,0.1522,0.6286,0.2191,177.12,174.1,-1.7061,DOWN
2023-09-12,22,0.2108,0.5988,0.1904,174.1,172.03,-1.1855,DOWN
2023-09-13,37,0.205,0.5449,0.2501,172.03,173.54,0.8783,UP
2023-09-14,43,0.2075,0.6282,0.1643,173.54,172.82,-0.4154,DOWN
2023-09-15,21,0.127,0.6572,0.2158,172.82,175.75,1.6914,UP
2023-09-18,10,0.1445,0.6533,0.2023,175.75,176.83,0.6181,UP
2023-09-19,18,0.227,0.4656,0.3074,176.83,173.3,-1.9992,DOWN
2023-09-20,15,0.1833,0.5059,0.3109,173.3,171.76,-0.889,DOWN
2023-09-21,21,0.0778,0.7476,0.1745,171.76,172.61,0.4945,UP
2023-09-22,12,0.1601,0.7257,0.1143,172.61,173.88,0.738,UP
2023-09-25,10,0.39,0.5545,0.0556,173.88,169.81,-2.3399,DOWN
2023-09-26,18,0.2642,0.4705,0.2654,169.81,168.3,-0.8897,DOWN
2023-09-27,14,0.2057,0.4944,0.2999,168.3,168.56,0.1526,UP
2023-09-28,16,0.3482,0.46,0.1918,168.56,169.07,0.3046,UP
2023-09-29,15,0.2007,0.6189,0.1803,169.07,171.58,1.4836,UP
2023-10-02,3,0.2246,0.6766,0.0988,171.58,170.25,-0.777,DOWN
2023-10-03,12,0.0614,0.7283,0.2103,170.25,171.49,0.7309,UP
2023-10-04,13,0.1941,0.6602,0.1457,171.49,172.72,0.7198,UP
2023-10-05,21,0.2644,0.6476,0.088,172.72,175.27,1.4751,UP
2023-10-06,13,0.1103,0.513,0.3767,175.27,176.75,0.8451,UP
2023-10-09,4,0.2972,0.6227,0.0801,176.75,176.16,-0.3352,DOWN
2023-10-10,12,0.2103,0.5124,0.2773,176.16,177.55,0.7904,UP
2023-10-11,17,0.0826,0.7175,0.1999,177.55,178.45,0.5061,UP
2023-10-12,20,0.1909,0.5303,0.2789,178.45,176.62,-1.0293,DOWN
2023-10-13,10,0.2494,0.6494,0.1013,176.62,176.49,-0.0727,DOWN
2023-10-16,8,0.0212,0.7805,0.1982,176.49,174.94,-0.8785,DOWN
2023-10-17,20,0.2151,0.6244,0.1605,174.94,173.64,-0.7395,DOWN
2023-10-18,11,0.1173,0.6501,0.2326,173.64,173.27,-0.2161,DOWN
2023-10-19,18,0.1881,0.6249,0.187,173.27,170.72,-1.4704,DOWN
2023-10-20,21,0.1605,0.6314,0.2081,170.72,170.84,0.0694,UP
2023-10-23,2,0.068,0.9017,0.0303,170.84,171.27,0.2543,UP
2023-10-24,16,0.198,0.5233,0.2788,171.27,168.96,-1.3492,DOWN
2023-10-25,14,0.136,0.5723,0.2917,168.96,164.8,-2.4605,DOWN
2023-10-26,19,0.2574,0.451,0.2916,164.8,166.12,0.7969,UP
2023-10-27,16,0.2451,0.5053,0.2496,166.12,168.16,1.2305,UP
2023-10-30,6,0.0991,0.7157,0.1852,168.16,168.64,0.2819,UP
2023-10-31,24,0.2116,0.5347,0.2537,168.64,171.8,1.8738,UP
2023-11-01,16,0.1623,0.6474,0.1903,171.8,175.35,2.0693,UP
2023-11-02,17,0.1483,0.6762,0.1755,175.35,174.44,-0.5181,DOWN
2023-11-03,18,0.131,0.573,0.296,174.44,176.99,1.4605,UP
2023-11-06,2,0.1341,0.8106,0.0553,176.99,179.55,1.4451,UP
2023-11-07,20,0.1206,0.5734,0.306,179.55,180.61,0.5885,UP
2023-11-08,15,0.0966,0.6088,0.2946,180.61,180.13,-0.2624,DOWN
2023-11-09,19,0.0759,0.7335,0.1907,180.13,184.31,2.322,UP
2023-11-10,16,0.0995,0.5204,0.38,184.31,182.73,-0.8584,DOWN
2023-11-14,15,0.1356,0.6728,0.1917,185.34,185.91,0.3041,UP
2023-11-15,22,0.1473,0.6953,0.1574,185.91,187.59,0.9042,UP
2023-11-16,15,0.1831,0.6552,0.1617,187.59,187.57,-0.0105,DOWN
2023-11-17,8,0.1336,0.6428,0.2236,187.57,189.31,0.9278,UP
2023-11-20,4,0.018,0.592,0.3901,189.31,188.51,-0.4231,DOWN
2023-11-21,9,0.1326,0.6065,0.2608,188.51,189.17,0.3515,UP
2023-11-22,11,0.2348,0.5236,0.2416,189.17,187.84,-0.7004,DOWN
2023-11-24,9,0.2763,0.4787,0.2451,187.84,187.67,-0.0948,DOWN
2023-11-27,1,0.0167,0.0998,0.8835,187.67,188.27,0.3214,UP
2023-11-28,11,0.0558,0.8612,0.083,188.27,187.25,-0.541,DOWN
2023-11-29,16,0.1602,0.6651,0.1747,187.25,187.82,0.3063,UP
2023-11-30,18,0.109,0.7017,0.1893,187.82,189.1,0.6791,UP
2023-12-01,12,0.1229,0.6319,0.2452,189.1,187.31,-0.9465,DOWN
2023-12-04,13,0.0632,0.7718,0.165,187.31,191.26,2.1063,UP
2023-12-05,16,0.0876,0.593,0.3194,191.26,190.17,-0.5687,DOWN
2023-12-06,13,0.0869,0.622,0.2911,190.17,192.1,1.0139,UP
2023-12-07,19,0.0425,0.6119,0.3457,192.1,193.52,0.7412,UP
2023-12-08,10,0.0893,0.6878,0.2229,193.52,191.02,-1.2927,DOWN
2023-12-11,6,0.2025,0.6873,0.1102,191.02,192.53,0.792,UP
2023-12-12,17,0.1378,0.6071,0.2551,192.53,195.74,1.6692,UP
2023-12-13,14,0.1813,0.6775,0.1413,195.74,195.89,0.0758,UP
2023-12-14,16,0.0981,0.7327,0.1692,195.89,195.36,-0.2726,DOWN
2023-12-15,17,0.1466,0.5685,0.2849,195.36,193.7,-0.8503,DOWN
2023-12-18,5,0.0212,0.7953,0.1835,193.7,194.74,0.536,UP
2023-12-19,18,0.1654,0.5632,0.2714,194.74,192.65,-1.0714,DOWN
2023-12-20,22,0.1489,0.5427,0.3084,192.65,192.5,-0.077,DOWN
2023-12-21,19,0.1435,0.6354,0.2211,192.5,191.43,-0.5547,DOWN
2023-12-22,23,0.1148,0.6619,0.2232,191.43,190.89,-0.2841,DOWN
2023-12-26,2,0.015,0.778,0.207,190.89,190.99,0.0518,UP
2023-12-27,16,0.1919,0.6105,0.1976,190.99,191.41,0.2226,UP
2023-12-28,22,0.1704,0.5928,0.2368,191.41,190.38,-0.5424,DOWN
2023-12-29,20,0.1338,0.6104,0.2559,190.38,183.56,-3.5787,DOWN
2024-01-02,5,0.0448,0.9146,0.0406,183.56,182.19,-0.7488,DOWN
2024-01-03,24,0.2328,0.5717,0.1955,182.19,179.87,-1.27,DOWN
2024-01-04,28,0.294,0.561,0.1449,179.87,179.15,-0.4013,DOWN
2024-01-05,23,0.3328,0.4632,0.2041,179.15,183.48,2.4175,UP
2024-01-08,4,0.3528,0.5997,0.0474,183.48,183.07,-0.2263,DOWN
2024-01-09,18,0.1325,0.7118,0.1558,183.07,184.11,0.5671,UP
2024-01-10,20,0.1658,0.6058,0.2283,184.11,183.51,-0.3222,DOWN
2024-01-11,15,0.2104,0.5907,0.1989,183.51,183.84,0.1778,UP
2024-01-12,12,0.1534,0.549,0.2976,183.84,181.57,-1.2317,DOWN
2024-01-16,17,0.0888,0.6652,0.246,181.57,180.64,-0.5174,DOWN
2024-01-17,22,0.1401,0.6336,0.2263,180.64,186.52,3.2571,UP
2024-01-18,22,0.0601,0.5476,0.3923,186.52,189.42,1.5533,UP
2024-01-19,18,0.1485,0.5498,0.3017,189.42,191.72,1.2163,UP
2024-01-22,6,0.0256,0.7923,0.1821,191.72,193.0,0.6653,UP
2024-01-23,28,0.1061,0.6653,0.2286,193.0,192.32,-0.3484,DOWN
2024-01-24,13,0.1834,0.6439,0.1726,192.32,192.0,-0.1697,DOWN
2024-01-25,23,0.0713,0.6571,0.2715,192.0,190.27,-0.9013,DOWN
2024-01-26,27,0.0789,0.6328,0.2883,190.27,189.58,-0.3586,DOWN
2024-01-29,3,0.0174,0.9123,0.0702,189.58,185.94,-1.9246,DOWN
2024-01-30,33,0.2226,0.5849,0.1925,185.94,182.34,-1.9358,DOWN
2024-01-31,24,0.1706,0.5797,0.2496,182.34,184.77,1.3341,UP
2024-02-01,22,0.22,0.5861,0.1939,184.77,183.77,-0.5405,DOWN
2024-02-02,34,0.1485,0.4602,0.3913,183.77,185.58,0.9847,UP
2024-02-05,6,0.1699,0.5336,0.2964,185.58,187.18,0.8632,UP
2024-02-06,22,0.1414,0.5816,0.277,187.18,187.29,0.0581,UP
2024-02-07,11,0.1367,0.5754,0.2879,187.29,186.21,-0.5754,DOWN
2024-02-08,22,0.0963,0.6686,0.2351,186.21,186.97,0.4094,UP
2024-02-09,26,0.2105,0.5445,0.245,186.97,185.29,-0.9002,DOWN
2024-02-12,4,0.0288,0.6865,0.2847,185.29,183.2,-1.1274,DOWN
2024-02-13,12,0.1016,0.5395,0.3589,183.2,182.32,-0.481,DOWN
2024-02-14,15,0.2175,0.5754,0.207,182.32,182.03,-0.1575,DOWN
2024-02-15,11,0.0841,0.767,0.1489,182.03,180.5,-0.843,DOWN
2024-02-16,14,0.1684,0.4967,0.3349,180.5,179.76,-0.4114,DOWN
2024-02-20,8,0.0275,0.6689,0.3036,179.76,180.51,0.4186,UP
2024-02-21,17,0.2448,0.64,0.1151,180.51,182.54,1.1244,UP
2024-02-22,18,0.0759,0.6945,0.2296,182.54,180.71,-1.0034,DOWN
2024-02-23,8,0.1645,0.5446,0.2909,180.71,179.36,-0.7451,DOWN
2024-02-27,21,0.2178,0.6198,0.1624,180.82,179.62,-0.6625,DOWN
2024-02-28,10,0.2402,0.6512,0.1086,179.62,178.96,-0.3693,DOWN
2024-02-29,29,0.1509,0.5743,0.2748,178.96,177.88,-0.603,DOWN
2024-03-01,18,0.1636,0.5232,0.3132,177.88,173.36,-2.5381,DOWN
2024-03-04,8,0.0265,0.7357,0.2378,173.36,168.43,-2.8441,DOWN
2024-03-05,19,0.2183,0.6299,0.1518,168.43,167.44,-0.5878,DOWN
2024-03-06,33,0.3102,0.5562,0.1336,167.44,167.32,-0.0709,DOWN
2024-03-07,23,0.2675,0.4699,0.2626,167.32,169.03,1.0237,UP
2024-03-08,18,0.1409,0.5895,0.2696,169.03,171.03,1.1832,UP
2024-03-11,8,0.0173,0.7615,0.2212,171.03,171.51,0.2779,UP
2024-03-12,20,0.1938,0.7179,0.0883,171.51,169.43,-1.2122,DOWN
2024-03-13,12,0.1821,0.579,0.2389,169.43,171.28,1.0927,UP
2024-03-14,21,0.1045,0.5924,0.3031,171.28,170.91,-0.2196,DOWN
2024-03-15,15,0.2367,0.6534,0.1099,170.91,171.99,0.6372,UP
2024-03-18,6,0.173,0.6161,0.2109,171.99,174.33,1.3585,UP
2024-03-19,23,0.137,0.5778,0.2853,174.33,176.9,1.4709,UP
2024-03-20,23,0.2371,0.5841,0.1788,176.9,169.67,-4.0857,DOWN
2024-03-21,24,0.2282,0.6046,0.1672,169.67,170.57,0.531,UP
2024-03-22,22,0.153,0.5859,0.2611,170.57,169.15,-0.83,DOWN
2024-03-25,10,0.097,0.8091,0.0938,169.15,168.02,-0.6673,DOWN
2024-03-26,14,0.154,0.7007,0.1454,168.02,171.59,2.1213,UP
2024-03-27,10,0.2271,0.5271,0.2457,171.59,169.78,-1.0559,DOWN
2024-03-28,18,0.1885,0.583,0.2286,169.78,168.34,-0.8456,DOWN
2024-04-01,8,0.0367,0.7536,0.2097,168.34,167.16,-0.6999,DOWN
2024-04-02,11,0.2526,0.6589,0.0885,167.16,167.97,0.4798,UP
2024-04-03,9,0.275,0.6088,0.1162,167.97,167.14,-0.4892,DOWN
2024-04-04,7,0.1183,0.7143,0.1674,167.14,167.9,0.4502,UP
2024-04-05,5,0.0296,0.5022,0.4683,167.9,166.78,-0.6663,DOWN
2024-04-08,3,0.0967,0.8264,0.0769,166.78,167.99,0.7242,UP
2024-04-09,9,0.1224,0.6575,0.2201,167.99,166.11,-1.1139,DOWN
2024-04-10,14,0.0857,0.7657,0.1486,166.11,173.3,4.3271,UP
2024-04-11,14,0.2279,0.6268,0.1453,173.3,174.8,0.8627,UP
2024-04-12,10,0.0436,0.6854,0.271,174.8,170.98,-2.1864,DOWN
2024-04-15,3,0.0199,0.6679,0.3122,170.98,167.7,-1.9167,DOWN
2024-04-16,9,0.1524,0.6062,0.2415,167.7,166.33,-0.8147,DOWN
2024-04-17,15,0.1408,0.6688,0.1904,166.33,165.38,-0.5714,DOWN
2024-04-18,12,0.1308,0.701,0.1681,165.38,163.36,-1.2213,DOWN
2024-04-19,6,0.2661,0.642,0.0919,163.36,164.19,0.5091,UP
2024-04-22,5,0.0365,0.9286,0.0349,164.19,165.24,0.6392,UP
2024-04-23,23,0.13,0.7582,0.1118,165.24,167.34,1.2702,UP
2024-04-24,15,0.1792,0.5225,0.2983,167.34,168.2,0.5147,UP
2024-04-25,12,0.1042,0.7467,0.1491,168.2,167.62,-0.3473,DOWN
2024-04-26,11,0.1347,0.6621,0.2031,167.62,171.78,2.4808,UP
2024-04-29,7,0.0431,0.7817,0.1753,171.78,168.64,-1.8271,DOWN
2024-04-30,25,0.0539,0.6907,0.2554,168.64,167.62,-0.6047,DOWN
2024-05-01,14,0.2429,0.5743,0.1828,167.62,171.31,2.2032,UP
2024-05-02,19,0.144,0.453,0.4029,171.31,181.56,5.9816,UP
2024-05-03,14,0.3164,0.496,0.1877,181.56,179.91,-0.9107,DOWN
2024-05-06,13,0.1686,0.7456,0.0858,179.91,180.59,0.3797,UP
2024-05-07,20,0.0486,0.7158,0.2356,180.59,180.93,0.1864,UP
2024-05-08,22,0.1108,0.695,0.1942,180.93,182.74,1.0014,UP
2024-05-09,22,0.0814,0.6544,0.2642,182.74,181.48,-0.689,DOWN
2024-05-10,9,0.1896,0.6884,0.122,181.48,184.68,1.7646,UP
2024-05-13,7,0.1808,0.7558,0.0634,184.68,185.82,0.6173,UP
2024-05-14,15,0.0714,0.5538,0.3747,185.82,188.09,1.2218,UP
2024-05-15,12,0.0581,0.606,0.3359,188.09,188.21,0.0633,UP
2024-05-16,14,0.0988,0.6052,0.296,188.21,188.24,0.0158,UP
2024-05-17,9,0.0299,0.7085,0.2615,188.24,189.4,0.6162,UP
2024-05-20,6,0.1467,0.5247,0.3286,189.4,190.7,0.6857,UP
2024-05-21,11,0.0291,0.7796,0.1913,190.7,189.26,-0.7538,DOWN
2024-05-22,8,0.0234,0.7869,0.1896,189.26,185.28,-2.1058,DOWN
2024-05-23,12,0.0482,0.7349,0.2168,185.28,188.35,1.6588,UP
2024-05-24,12,0.044,0.7591,0.1969,188.35,188.36,0.0053,UP
2024-05-28,6,0.0699,0.8239,0.1062,188.36,188.66,0.1579,UP
2024-05-29,11,0.0714,0.7251,0.2035,188.66,189.65,0.5255,UP
2024-05-30,11,0.0531,0.5814,0.3655,189.65,190.6,0.5019,UP
2024-05-31,12,0.1298,0.6338,0.2364,190.6,192.36,0.9259,UP
2024-06-03,6,0.0202,0.8312,0.1486,192.36,192.68,0.1649,UP
2024-06-04,5,0.1936,0.5731,0.2332,192.68,194.19,0.7821,UP
2024-06-05,12,0.0343,0.7205,0.2451,194.19,192.81,-0.7097,DOWN
2024-06-06,8,0.0641,0.6703,0.2656,192.81,195.2,1.2392,UP
2024-06-07,14,0.1048,0.5632,0.332,195.2,191.46,-1.9148,DOWN
2024-06-10,3,0.0361,0.8941,0.0698,191.46,205.37,7.2649,UP
2024-06-11,14,0.0884,0.484,0.4276,205.37,211.24,2.8578,UP
2024-06-12,22,0.1782,0.5741,0.2477,211.24,212.4,0.5491,UP
2024-06-13,26,0.1466,0.5528,0.3006,212.4,210.67,-0.8168,DOWN
2024-06-14,19,0.1084,0.7153,0.1764,210.67,214.81,1.9672,UP
2024-06-17,8,0.0604,0.8704,0.0692,214.81,212.45,-1.0985,DOWN
2024-06-18,12,0.0355,0.6844,0.2802,212.45,207.88,-2.1513,DOWN
2024-06-20,7,0.0451,0.7078,0.2471,207.88,205.71,-1.0444,DOWN
2024-06-21,13,0.1069,0.7404,0.1527,205.71,206.35,0.3133,UP
2024-06-24,6,0.0185,0.9059,0.0756,206.35,207.27,0.4468,UP
2024-06-25,11,0.1164,0.5889,0.2947,207.27,211.42,1.9993,UP
2024-06-26,14,0.082,0.7412,0.1768,211.42,212.26,0.3986,UP
2024-06-27,17,0.1231,0.5425,0.3344,212.26,208.81,-1.6254,DOWN
2024-06-28,16,0.0669,0.7284,0.2047,208.81,214.89,2.9105,UP
2024-07-01,2,0.1262,0.7334,0.1404,214.89,218.38,1.624,UP
2024-07-02,8,0.0272,0.5219,0.4509,218.38,219.65,0.5811,UP
2024-07-03,16,0.046,0.7321,0.2219,219.65,224.4,2.162,UP
2024-07-05,11,0.1745,0.5583,0.2672,224.4,225.86,0.6539,UP
2024-07-08,6,0.0269,0.8113,0.1619,225.86,226.72,0.3775,UP
2024-07-09,17,0.0666,0.6708,0.2626,226.72,230.98,1.8804,UP
2024-07-10,11,0.1116,0.7076,0.1808,230.98,225.62,-2.3221,DOWN
2024-07-11,22,0.1535,0.4356,0.4109,225.62,228.56,1.3051,UP
2024-07-12,14,0.1005,0.5888,0.3107,228.56,232.39,1.6743,UP
2024-07-15,7,0.1436,0.6914,0.1649,232.39,232.8,0.1792,UP
2024-07-16,16,0.2184,0.5958,0.1858,232.8,226.91,-2.5296,DOWN
2024-07-17,10,0.0314,0.8223,0.1462,226.91,222.25,-2.0535,DOWN
2024-07-18,11,0.1962,0.4163,0.3876,222.25,222.38,0.058,UP
2024-07-22,8,0.2819,0.6558,0.0622,222.04,223.08,0.4688,UP
2024-07-23,10,0.108,0.6683,0.2237,223.08,216.66,-2.8754,DOWN
2024-07-24,14,0.1223,0.7527,0.125,216.66,215.62,-0.4805,DOWN
2024-07-25,5,0.2157,0.7218,0.0625,215.62,216.09,0.2161,UP
2024-07-29,2,0.0478,0.8871,0.065,216.37,216.92,0.2566,UP
2024-07-30,10,0.0321,0.7982,0.1697,216.92,220.17,1.4991,UP
2024-07-31,4,0.1269,0.591,0.2821,220.17,216.48,-1.6751,DOWN
2024-08-01,4,0.1602,0.4839,0.356,216.48,217.97,0.6869,UP
2024-08-02,2,0.0422,0.4828,0.475,217.97,207.47,-4.8167,DOWN
2024-08-05,4,0.0505,0.5235,0.426,207.47,205.45,-0.9748,DOWN
2024-08-06,8,0.2603,0.47,0.2698,205.45,208.02,1.2498,UP
2024-08-07,7,0.1124,0.8213,0.0663,208.02,211.48,1.6633,UP
2024-08-08,5,0.1191,0.6983,0.1826,211.48,214.38,1.3736,UP
2024-08-09,6,0.2917,0.5356,0.1727,214.38,215.91,0.713,UP
2024-08-12,7,0.186,0.5903,0.2238,215.91,219.62,1.7193,UP
2024-08-13,7,0.0342,0.9161,0.0496,219.62,220.07,0.2034,UP
2024-08-14,5,0.0236,0.8939,0.0824,220.07,223.05,1.3531,UP
2024-08-15,8,0.3224,0.5307,0.1469,223.05,224.37,0.5918,UP
2024-08-16,5,0.0185,0.7856,0.1959,224.37,224.21,-0.0708,DOWN
2024-08-19,3,0.0513,0.8765,0.0722,224.21,224.82,0.2745,UP
2024-08-20,4,0.0244,0.7641,0.2116,224.82,224.72,-0.0486,DOWN
2024-08-21,3,0.0418,0.8455,0.1127,224.72,222.86,-0.826,DOWN
2024-08-22,1,0.0213,0.9054,0.0733,222.86,225.15,1.0288,UP
2024-08-23,3,0.0211,0.907,0.0719,225.15,225.49,0.1499,UP
2024-08-26,3,0.057,0.9062,0.0368,225.49,226.33,0.3742,UP
2024-08-27,6,0.0385,0.8438,0.1177,226.33,224.8,-0.6754,DOWN
2024-08-28,3,0.0195,0.9229,0.0576,224.8,228.08,1.457,UP
2024-08-29,7,0.0201,0.6671,0.3127,228.08,227.3,-0.3438,DOWN
2024-08-30,6,0.3207,0.397,0.2822,227.3,221.11,-2.7205,DOWN
2024-09-03,5,0.1389,0.6361,0.225,221.11,219.21,-0.8619,DOWN
2024-09-04,2,0.0647,0.4567,0.4786,219.21,220.73,0.6928,UP
2024-09-05,4,0.1324,0.7484,0.1192,220.73,219.18,-0.7015,DOWN
2024-09-06,4,0.019,0.7855,0.1955,219.18,219.27,0.0407,UP
2024-09-09,7,0.0296,0.9176,0.0528,219.27,218.47,-0.3621,DOWN
2024-09-10,3,0.4998,0.2508,0.2494,218.47,221.0,1.1585,UP
2024-09-11,7,0.1394,0.4748,0.3858,221.0,221.11,0.0494,UP
2024-09-12,3,0.3812,0.4905,0.1283,221.11,220.84,-0.1212,DOWN
2024-09-13,6,0.0662,0.5765,0.3573,220.84,214.71,-2.7775,DOWN
2024-09-16,1,0.0227,0.9278,0.0495,214.71,215.18,0.2173,UP
2024-09-17,2,0.4913,0.4718,0.0369,215.18,219.05,1.799,UP
2024-09-18,4,0.0236,0.6244,0.352,219.05,227.17,3.7066,UP
2024-09-19,5,0.0725,0.5952,0.3323,227.17,226.5,-0.2927,DOWN
2024-09-20,4,0.4192,0.3319,0.2489,226.5,224.78,-0.7581,DOWN
2024-09-23,4,0.0393,0.7463,0.2144,224.78,225.68,0.3974,UP
2024-09-24,5,0.0256,0.703,0.2714,225.68,224.69,-0.4398,DOWN
2024-09-25,7,0.1787,0.5592,0.2621,224.69,225.83,0.508,UP
2024-09-26,6,0.0321,0.8798,0.088,225.83,226.1,0.1187,UP
2024-09-27,3,0.3359,0.5647,0.0994,226.1,231.27,2.2872,UP
2024-09-30,3,0.021,0.5237,0.4553,231.27,224.53,-2.9142,DOWN
2024-10-01,1,0.007,0.2445,0.7484,224.53,225.09,0.252,UP
2024-10-02,5,0.5857,0.3261,0.0883,225.09,223.99,-0.4895,DOWN
2024-10-03,2,0.2499,0.5672,0.1829,223.99,225.11,0.5007,UP
2024-10-04,6,0.2336,0.6853,0.081,225.11,220.04,-2.2531,DOWN
2024-10-07,4,0.1153,0.7108,0.1739,220.04,224.09,1.8404,UP
2024-10-08,4,0.2527,0.2725,0.4748,224.09,227.83,1.6698,UP
2024-10-09,8,0.4301,0.3863,0.1836,227.83,227.34,-0.2178,DOWN
2024-10-10,3,0.2998,0.6601,0.0401,227.34,225.86,-0.6505,DOWN
2024-10-11,1,0.0356,0.9235,0.0409,225.86,229.58,1.648,UP
2024-10-14,3,0.127,0.8404,0.0326,229.58,232.11,1.1025,UP
2024-10-15,4,0.0645,0.5279,0.4077,232.11,230.06,-0.8852,DOWN
2024-10-16,2,0.0232,0.8705,0.1063,230.06,230.42,0.1596,UP
2024-10-17,6,0.0146,0.8227,0.1627,230.42,233.25,1.2277,UP
2024-10-18,5,0.3725,0.3205,0.307,233.25,234.72,0.6298,UP
2024-10-21,5,0.0173,0.7039,0.2788,234.72,234.11,-0.2622,DOWN
2024-10-22,4,0.0208,0.6661,0.3131,234.11,229.04,-2.1623,DOWN
2024-10-23,6,0.1923,0.6797,0.128,229.04,228.85,-0.0823,DOWN
2024-10-24,6,0.2903,0.5486,0.1611,228.85,229.69,0.3643,UP
2024-10-25,5,0.0531,0.7025,0.2444,229.69,231.66,0.8599,UP
2024-10-28,3,0.0201,0.9057,0.0741,231.66,231.93,0.1157,UP
2024-10-29,5,0.1691,0.6851,0.1457,231.93,228.39,-1.5278,DOWN
2024-10-30,3,0.0276,0.8532,0.1192,228.39,224.23,-1.821,DOWN
2024-10-31,1,0.0262,0.82,0.1538,224.23,221.25,-1.328,DOWN
2024-11-01,6,0.3764,0.3499,0.2737,221.25,220.36,-0.4037,DOWN
2024-11-04,3,0.0462,0.8208,0.1331,220.36,221.79,0.6486,UP
2024-11-05,6,0.0311,0.5918,0.3771,221.79,221.06,-0.3267,DOWN
2024-11-06,7,0.0326,0.7018,0.2657,221.06,225.79,2.1372,UP
2024-11-07,10,0.0345,0.8095,0.156,225.79,225.52,-0.1188,DOWN
2024-11-08,10,0.0889,0.653,0.2581,225.52,222.81,-1.2029,DOWN
2024-11-11,3,0.2698,0.4686,0.2616,222.81,222.81,0.0,DOWN
2024-11-12,4,0.0243,0.5919,0.3838,222.81,223.69,0.3969,UP
2024-11-13,2,0.0326,0.8599,0.1075,223.69,226.77,1.377,UP
2024-11-14,6,0.1236,0.6242,0.2522,226.77,223.57,-1.4109,DOWN
2024-11-15,5,0.2634,0.3779,0.3588,223.57,226.57,1.3422,UP
2024-11-18,1,0.0086,0.8429,0.1486,226.57,226.83,0.114,UP
2024-11-19,3,0.0148,0.8307,0.1545,226.83,227.55,0.3154,UP
2024-11-20,6,0.0455,0.6364,0.3182,227.55,227.07,-0.2096,DOWN
2024-11-21,4,0.2393,0.653,0.1078,227.07,228.41,0.5908,UP
2024-11-22,1,0.0098,0.7863,0.2039,228.41,231.39,1.3051,UP
2024-11-25,1,0.0697,0.897,0.0333,231.39,233.57,0.9404,UP
2024-11-26,5,0.109,0.5587,0.3323,233.57,233.44,-0.0553,DOWN
2024-11-27,3,0.0291,0.7741,0.1968,233.44,235.82,1.0216,UP
2024-11-29,6,0.023,0.639,0.3381,235.82,238.07,0.9523,UP
2024-12-02,4,0.0383,0.9102,0.0514,238.07,241.11,1.2772,UP
2024-12-03,8,0.0703,0.7541,0.1756,241.11,241.47,0.1484,UP
2024-12-04,4,0.0186,0.9096,0.0718,241.47,241.5,0.0123,UP
2024-12-05,3,0.0156,0.6333,0.3511,241.5,241.3,-0.0823,DOWN
2024-12-06,6,0.1817,0.6866,0.1317,241.3,245.18,1.6101,UP
2024-12-09,2,0.1729,0.7775,0.0496,245.18,246.2,0.4134,UP
2024-12-10,1,0.012,0.757,0.231,246.2,244.93,-0.5166,DOWN
2024-12-11,3,0.5617,0.3721,0.0662,244.93,246.39,0.5964,UP
2024-12-12,3,0.0217,0.5221,0.4562,246.39,246.55,0.0686,UP
2024-12-13,8,0.131,0.5848,0.2842,246.55,249.45,1.1728,UP
2024-12-16,1,0.0346,0.8709,0.0944,249.45,251.87,0.972,UP
2024-12-17,13,0.0388,0.8625,0.0987,251.87,246.48,-2.1422,DOWN
2024-12-18,2,0.018,0.1764,0.8057,246.48,248.2,0.7015,UP
2024-12-19,5,0.0328,0.9034,0.0637,248.2,252.87,1.8816,UP
2024-12-20,3,0.0143,0.77,0.2157,252.87,253.65,0.3065,UP
2024-12-23,1,0.0233,0.9417,0.035,253.65,256.56,1.1478,UP
2024-12-24,5,0.3535,0.3428,0.3037,256.56,257.38,0.3176,UP
2024-12-26,2,0.0184,0.9186,0.0631,257.38,253.97,-1.3242,DOWN
2024-12-27,3,0.1324,0.6694,0.1982,253.97,250.6,-1.3263,DOWN
2024-12-30,1,0.0228,0.9435,0.0337,250.6,248.83,-0.7058,DOWN
2025-01-02,2,0.0682,0.4818,0.45,242.3,241.82,-0.2009,DOWN
2025-01-06,4,0.0486,0.7777,0.1737,243.44,240.67,-1.1388,DOWN
2025-01-07,4,0.2198,0.537,0.2432,240.67,241.16,0.2023,UP
2025-01-08,2,0.0119,0.9134,0.0747,241.16,235.35,-2.4104,DOWN
2025-01-10,3,0.0196,0.7123,0.2681,235.35,232.91,-1.0344,DOWN
2025-01-13,2,0.0204,0.9074,0.0721,232.91,231.8,-0.4778,DOWN
2025-01-14,3,0.026,0.7419,0.2321,231.8,236.36,1.9676,UP
2025-01-15,5,0.0186,0.7631,0.2183,236.36,226.81,-4.04,DOWN
2025-01-16,4,0.1946,0.5364,0.269,226.81,228.52,0.7535,UP
2025-01-17,7,0.0974,0.6149,0.2877,228.52,221.23,-3.1916,DOWN
2025-01-21,3,0.1033,0.454,0.4427,221.23,222.41,0.5345,UP
2025-01-22,5,0.3126,0.3335,0.354,222.41,222.24,-0.0759,DOWN
2025-01-23,5,0.2331,0.7248,0.0421,222.24,221.37,-0.3935,DOWN
2025-01-24,5,0.044,0.8904,0.0655,221.37,228.4,3.178,UP
2025-01-27,4,0.0275,0.9323,0.0402,228.4,236.75,3.6544,UP
2025-01-28,7,0.2007,0.5853,0.214,236.75,237.84,0.4617,UP
2025-01-29,5,0.1678,0.6109,0.2214,237.84,236.08,-0.7395,DOWN
2025-01-30,6,0.1857,0.4065,0.4078,236.08,234.5,-0.6692,DOWN
2025-01-31,5,0.0492,0.6035,0.3473,234.5,226.56,-3.3856,DOWN
2025-02-03,3,0.0559,0.5256,0.4185,226.56,231.32,2.1008,UP
2025-02-04,2,0.491,0.3172,0.1918,231.32,230.99,-0.1418,DOWN
2025-02-05,3,0.4288,0.5433,0.028,230.99,231.74,0.3226,UP
2025-02-06,3,0.3803,0.3045,0.3151,231.74,226.18,-2.3969,DOWN
2025-02-07,6,0.0151,0.3512,0.6337,226.18,226.45,0.1187,UP
2025-02-10,3,0.3114,0.5,0.1886,226.45,231.4,2.1832,UP
2025-02-11,1,0.0812,0.318,0.6009,231.4,235.63,1.827,UP
2025-02-12,3,0.6409,0.3216,0.0375,235.63,240.26,1.9673,UP
2025-02-13,5,0.021,0.5718,0.4071,240.26,243.31,1.2711,UP
2025-02-14,4,0.3622,0.5683,0.0695,243.31,243.19,-0.0531,DOWN
2025-02-18,4,0.0179,0.6892,0.2929,243.19,243.58,0.1636,UP
2025-02-19,4,0.0225,0.7702,0.2072,243.58,244.54,0.392,UP
2025-02-20,7,0.0294,0.8572,0.1134,244.54,244.26,-0.1139,DOWN
2025-02-21,5,0.0203,0.764,0.2157,244.26,245.8,0.6312,UP
2025-02-24,4,0.078,0.8723,0.0497,245.8,245.74,-0.0243,DOWN
2025-02-25,4,0.2345,0.608,0.1575,245.74,239.1,-2.704,DOWN
2025-02-26,1,0.1666,0.7628,0.0706,239.1,236.05,-1.2731,DOWN
2025-02-27,4,0.3008,0.6625,0.0366,236.05,240.57,1.9132,UP
2025-02-28,1,0.0113,0.8781,0.1106,240.57,236.78,-1.5754,DOWN
2025-03-03,4,0.2717,0.6334,0.0949,236.78,234.69,-0.8822,DOWN
2025-03-04,6,0.1482,0.7789,0.0729,234.69,234.5,-0.0805,DOWN
2025-03-05,5,0.022,0.7521,0.2259,234.5,234.09,-0.1739,DOWN
2025-03-06,4,0.2713,0.6113,0.1174,234.09,237.81,1.5893,UP
2025-03-07,4,0.3316,0.3981,0.2704,237.81,226.28,-4.848,DOWN
2025-03-10,4,0.0134,0.732,0.2546,226.28,219.68,-2.9189,DOWN
2025-03-11,2,0.0165,0.761,0.2226,219.68,215.84,-1.7479,DOWN
2025-03-12,2,0.2247,0.3725,0.4028,215.84,208.58,-3.3644,DOWN
2025-03-13,4,0.0564,0.7124,0.2312,208.58,212.37,1.8171,UP
2025-03-14,2,0.0116,0.5342,0.4541,212.37,212.88,0.2389,UP
2025-03-17,7,0.1793,0.7179,0.1028,212.88,211.57,-0.6121,DOWN
2025-03-18,2,0.0153,0.1375,0.8472,211.57,214.11,1.1989,UP
2025-03-19,5,0.2038,0.7395,0.0567,214.11,212.97,-0.5296,DOWN
2025-03-20,4,0.0284,0.6192,0.3524,212.97,217.12,1.9477,UP
2025-03-21,2,0.0259,0.7138,0.2603,217.12,219.57,1.127,UP
2025-03-24,2,0.3324,0.5954,0.0722,219.57,222.57,1.3682,UP
2025-03-25,2,0.3284,0.5771,0.0946,222.57,220.37,-0.9922,DOWN
2025-03-26,1,0.015,0.9429,0.0421,220.37,222.67,1.0473,UP
2025-03-27,1,0.0226,0.9339,0.0435,222.67,216.75,-2.658,DOWN
2025-03-28,4,0.0689,0.8676,0.0634,216.75,220.96,1.9412,UP
2025-03-31,4,0.1219,0.8161,0.062,220.96,222.02,0.4772,UP
2025-04-01,4,0.041,0.8977,0.0613,222.02,222.71,0.3136,UP
2025-04-02,4,0.2446,0.4522,0.3032,222.71,202.12,-9.2456,DOWN
2025-04-03,5,0.3691,0.5941,0.0368,202.12,187.39,-7.2887,DOWN
2025-04-04,4,0.0582,0.8012,0.1406,187.39,180.51,-3.6734,DOWN
2025-04-07,4,0.0762,0.8589,0.0649,180.51,171.51,-4.9818,DOWN
2025-04-08,4,0.0929,0.7284,0.1787,171.51,197.8,15.3288,UP
2025-04-09,5,0.3131,0.3992,0.2877,197.8,189.42,-4.2394,DOWN
2025-04-10,8,0.2644,0.267,0.4686,189.42,197.11,4.0595,UP
2025-04-11,3,0.3476,0.2834,0.369,197.11,201.46,2.2054,UP
2025-04-14,6,0.1072,0.6733,0.2195,201.46,201.08,-0.1876,DOWN
2025-04-15,6,0.115,0.5769,0.3081,201.08,193.25,-3.8933,DOWN
2025-04-16,5,0.213,0.6929,0.0941,193.25,195.94,1.395,UP
2025-04-17,3,0.0217,0.9042,0.0741,195.94,192.14,-1.9393,DOWN
2025-04-22,2,0.1483,0.8076,0.0441,198.69,203.52,2.4332,UP
2025-04-23,4,0.0663,0.8601,0.0736,203.52,207.27,1.8426,UP
2025-04-24,4,0.2457,0.4968,0.2574,207.27,208.18,0.4367,UP
2025-04-25,5,0.2536,0.6833,0.0632,208.18,209.04,0.4109,UP
2025-04-28,5,0.0252,0.711,0.2638,209.04,210.1,0.5092,UP
2025-04-29,2,0.0258,0.491,0.4832,210.1,211.38,0.6108,UP
2025-04-30,4,0.2341,0.5674,0.1984,211.38,212.2,0.3859,UP
2025-05-01,6,0.2626,0.4473,0.2901,212.2,204.27,-3.7362,DOWN
2025-05-02,5,0.5095,0.4177,0.0727,204.27,197.84,-3.1458,DOWN
2025-05-05,6,0.1143,0.6865,0.1993,197.84,197.47,-0.1911,DOWN
2025-05-06,3,0.0175,0.8881,0.0944,197.47,195.22,-1.1385,DOWN
2025-05-07,7,0.2721,0.5038,0.224,195.22,196.45,0.6318,UP
2025-05-08,4,0.2555,0.4632,0.2813,196.45,197.49,0.5266,UP
2025-05-09,7,0.092,0.7495,0.1586,197.49,209.96,6.3146,UP
2025-05-12,3,0.145,0.7925,0.0626,209.96,212.09,1.0152,UP
2025-05-13,8,0.2332,0.5715,0.1953,212.09,211.49,-0.2818,DOWN
2025-05-14,1,0.0199,0.9047,0.0754,211.49,210.61,-0.4144,DOWN
2025-05-15,6,0.2824,0.5111,0.2064,210.61,210.43,-0.0899,DOWN
2025-05-16,6,0.017,0.2553,0.7277,210.43,207.96,-1.1739,DOWN
2025-05-19,8,0.0733,0.5173,0.4094,207.96,206.04,-0.9196,DOWN
2025-05-20,3,0.0511,0.6131,0.3358,206.04,201.29,-2.3059,DOWN
2025-05-21,4,0.2193,0.7133,0.0674,201.29,200.56,-0.3612,DOWN
2025-05-22,4,0.0267,0.9279,0.0454,200.56,194.5,-3.0244,DOWN
2025-05-23,1,0.014,0.0537,0.9323,194.5,199.42,2.5298,UP
2025-05-27,1,0.0173,0.8415,0.1412,199.42,199.63,0.1049,UP
2025-05-28,5,0.4761,0.4,0.1239,199.63,199.16,-0.2345,DOWN
2025-05-29,2,0.028,0.9206,0.0514,199.16,200.06,0.4501,UP
2025-05-30,4,0.2309,0.4889,0.2802,200.06,200.9,0.4232,UP
2025-06-02,1,0.0835,0.8678,0.0487,200.9,202.47,0.7784,UP
2025-06-03,1,0.806,0.1725,0.0215,202.47,202.02,-0.2214,DOWN
2025-06-04,3,0.0197,0.6904,0.2899,202.02,199.84,-1.0798,DOWN
2025-06-05,6,0.1919,0.654,0.1541,199.84,203.11,1.6398,UP
2025-06-06,4,0.1544,0.6016,0.244,203.11,200.65,-1.2113,DOWN
2025-06-09,2,0.0159,0.9427,0.0414,200.65,201.87,0.6056,UP
2025-06-10,6,0.1866,0.5254,0.288,201.87,197.99,-1.9194,DOWN
2025-06-11,3,0.3391,0.3357,0.3253,197.99,198.41,0.2113,UP
2025-06-12,4,0.408,0.3751,0.2169,198.41,195.67,-1.3805,DOWN
2025-06-13,4,0.0844,0.7132,0.2024,195.67,197.64,1.0028,UP
2025-06-16,3,0.0189,0.8832,0.0979,197.64,194.87,-1.4011,DOWN
2025-06-17,2,0.013,0.8234,0.1636,194.87,195.8,0.4805,UP
2025-06-18,3,0.0221,0.939,0.0389,195.8,200.21,2.2485,UP
2025-06-23,1,0.0532,0.8693,0.0775,200.7,199.51,-0.5955,DOWN
2025-06-24,2,0.496,0.4816,0.0223,199.51,200.76,0.6291,UP
2025-06-26,6,0.1233,0.695,0.1817,200.21,200.29,0.0398,UP
2025-06-27,8,0.0889,0.5939,0.3172,200.29,204.36,2.034,UP
2025-06-30,9,0.0722,0.8345,0.0934,204.36,207.0,1.2916,UP
2025-07-01,6,0.1454,0.7553,0.0994,207.0,211.6,2.2231,UP
2025-07-02,11,0.3821,0.5019,0.116,211.6,212.71,0.5225,UP
2025-07-03,6,0.3385,0.429,0.2325,212.71,209.12,-1.6858,DOWN
2025-07-07,5,0.1788,0.6028,0.2184,209.12,209.18,0.0286,UP
2025-07-08,5,0.2788,0.4538,0.2674,209.18,210.31,0.5381,UP
2025-07-09,11,0.0935,0.6488,0.2577,210.31,211.57,0.6015,UP
2025-07-10,5,0.2222,0.7138,0.0639,211.57,210.33,-0.5885,DOWN
2025-07-11,13,0.086,0.5331,0.3809,210.33,207.8,-1.2029,DOWN
2025-07-14,3,0.0165,0.7948,0.1886,207.8,208.28,0.2349,UP
2025-07-15,7,0.2086,0.7083,0.0831,208.28,209.33,0.5021,UP
2025-07-16,6,0.2444,0.4831,0.2725,209.33,209.19,-0.0666,DOWN
2025-07-17,7,0.1928,0.5662,0.241,209.19,210.35,0.5523,UP
2025-07-18,8,0.2015,0.4331,0.3654,210.35,211.64,0.6156,UP
2025-07-21,8,0.1564,0.7673,0.0764,211.64,213.55,0.9036,UP
2025-07-22,4,0.1548,0.6288,0.2164,213.55,213.3,-0.1166,DOWN
2025-07-23,5,0.0114,0.5992,0.3894,213.3,212.92,-0.1821,DOWN
2025-07-24,7,0.086,0.7465,0.1676,212.92,213.03,0.0561,UP
2025-07-25,8,0.184,0.4267,0.3893,213.03,213.2,0.0795,UP
2025-07-28,2,0.0108,0.442,0.5473,213.2,210.44,-1.2988,DOWN
2025-07-29,4,0.101,0.6161,0.283,210.44,208.22,-1.0508,DOWN
2025-07-30,5,0.2271,0.4445,0.3284,208.22,206.75,-0.708,DOWN
2025-07-31,4,0.1711,0.4961,0.3328,206.75,201.58,-2.5004,DOWN
2025-08-01,7,0.2056,0.5378,0.2566,201.58,202.55,0.4793,UP
2025-08-04,8,0.2766,0.6901,0.0333,202.55,202.12,-0.2115,DOWN
2025-08-05,4,0.0273,0.8181,0.1546,202.12,212.41,5.0907,UP
2025-08-06,10,0.1675,0.6672,0.1653,212.41,219.16,3.1794,UP
2025-08-07,9,0.3104,0.4353,0.2543,219.16,228.44,4.2358,UP
2025-08-08,7,0.1761,0.5321,0.2918,228.44,226.54,-0.8337,DOWN
2025-08-11,4,0.0189,0.9007,0.0804,226.54,229.0,1.0872,UP
2025-08-12,10,0.1925,0.2992,0.5083,229.0,232.67,1.6025,UP
2025-08-13,9,0.2657,0.4304,0.3039,232.67,232.12,-0.2357,DOWN
2025-08-14,5,0.1624,0.4407,0.3969,232.12,230.94,-0.5112,DOWN
2025-08-15,2,0.4008,0.5463,0.0529,230.94,230.24,-0.3023,DOWN
2025-08-18,5,0.413,0.3335,0.2535,230.24,229.91,-0.1429,DOWN
2025-08-19,7,0.1719,0.3954,0.4327,229.91,225.37,-1.9735,DOWN
2025-08-20,8,0.0998,0.3724,0.5278,225.37,224.27,-0.4911,DOWN
2025-08-21,7,0.2753,0.5873,0.1374,224.27,227.12,1.2717,UP
2025-08-22,7,0.2021,0.5815,0.2164,227.12,226.52,-0.2634,DOWN
2025-08-25,5,0.0127,0.7432,0.2441,226.52,228.66,0.9465,UP
2025-08-26,7,0.3014,0.558,0.1406,228.66,229.84,0.5146,UP
2025-08-27,2,0.0107,0.3433,0.646,229.84,231.9,0.8981,UP
2025-08-28,6,0.1787,0.4694,0.3519,231.9,231.49,-0.1806,DOWN
2025-08-29,7,0.0915,0.7801,0.1283,231.49,229.07,-1.0425,DOWN
2025-09-02,1,0.0816,0.7798,0.1386,229.07,237.8,3.809,UP
2025-09-03,6,0.1714,0.5678,0.2608,237.8,239.1,0.5493,UP
2025-09-04,9,0.1122,0.7046,0.1832,239.1,239.01,-0.0375,DOWN
2025-09-05,11,0.1575,0.6386,0.2038,239.01,237.21,-0.7551,DOWN
2025-09-08,6,0.0355,0.8801,0.0844,237.21,233.69,-1.4839,DOWN
2025-09-09,8,0.2828,0.5117,0.2056,233.69,226.15,-3.2259,DOWN
2025-09-10,10,0.0785,0.7452,0.1763,226.15,229.38,1.4286,UP
2025-09-11,6,0.2084,0.5128,0.2788,229.38,233.41,1.7563,UP
2025-09-12,6,0.0324,0.4885,0.4791,233.41,236.03,1.1236,UP
2025-09-15,5,0.091,0.6805,0.2285,236.03,237.48,0.6126,UP
2025-09-16,4,0.4484,0.5118,0.0398,237.48,238.32,0.3527,UP
2025-09-17,9,0.0448,0.5907,0.3644,238.32,237.21,-0.4645,DOWN
2025-09-18,13,0.1528,0.5388,0.3084,237.21,244.81,3.2033,UP
2025-09-19,18,0.0773,0.6618,0.2609,244.81,255.36,4.3096,UP
2025-09-23,9,0.3038,0.5441,0.1521,253.71,251.6,-0.8332,DOWN
2025-09-24,1,0.0162,0.0323,0.9515,251.6,256.15,1.8073,UP
2025-09-25,4,0.1548,0.5242,0.321,256.15,254.74,-0.5489,DOWN
2025-09-26,5,0.2618,0.5077,0.2305,254.74,253.71,-0.4032,DOWN
2025-09-29,4,0.0201,0.7555,0.2245,253.71,253.91,0.0786,UP
2025-09-30,8,0.1729,0.6273,0.1998,253.91,254.73,0.322,UP
2025-10-01,9,0.3092,0.2495,0.4414,254.73,256.4,0.6577,UP
2025-10-02,4,0.1801,0.5609,0.259,256.4,257.29,0.3461,UP
2025-10-03,3,0.1442,0.3773,0.4786,257.29,255.97,-0.5155,DOWN
2025-10-06,3,0.0453,0.8615,0.0932,255.97,255.76,-0.0818,DOWN
2025-10-07,9,0.2028,0.4429,0.3544,255.76,257.33,0.616,UP
2025-10-08,7,0.0848,0.7805,0.1347,257.33,253.32,-1.5578,DOWN
2025-10-09,7,0.1842,0.6896,0.1262,253.32,244.58,-3.4522,DOWN
2025-10-10,9,0.206,0.3276,0.4664,244.58,246.96,0.9744,UP
2025-10-13,9,0.0335,0.8401,0.1264,246.96,247.07,0.0444,UP
2025-10-14,11,0.0978,0.6158,0.2863,247.07,248.64,0.6337,UP
2025-10-15,8,0.4609,0.3494,0.1896,248.64,246.75,-0.758,DOWN
2025-10-16,5,0.0204,0.5635,0.4161,246.75,251.58,1.9559,UP
2025-10-17,9,0.1245,0.5795,0.296,251.58,261.5,3.9439,UP
2025-10-20,10,0.1837,0.5523,0.264,261.5,262.03,0.2021,UP
2025-10-21,11,0.1796,0.4732,0.3472,262.03,257.72,-1.644,DOWN
2025-10-22,11,0.232,0.5008,0.2672,257.72,258.85,0.4372,UP
2025-10-23,5,0.5256,0.1718,0.3026,258.85,262.08,1.2482,UP
2025-10-24,10,0.1077,0.5757,0.3166,262.08,268.05,2.2791,UP
2025-10-27,4,0.4315,0.2778,0.2906,268.05,268.24,0.0707,UP
2025-10-28,17,0.1607,0.6506,0.1887,268.24,268.94,0.2602,UP
2025-10-29,12,0.0567,0.4939,0.4494,268.94,270.63,0.6303,UP
2025-10-30,5,0.0459,0.6148,0.3393,270.63,269.61,-0.3795,DOWN
2025-10-31,8,0.3691,0.4898,0.1411,269.61,268.29,-0.4882,DOWN
2025-11-03,6,0.0186,0.7456,0.2357,268.29,269.28,0.368,UP
2025-11-04,14,0.1737,0.5794,0.2469,269.28,269.38,0.037,UP
2025-11-05,7,0.0328,0.798,0.1692,269.38,269.01,-0.137,DOWN
2025-11-06,9,0.3198,0.5995,0.0807,269.01,267.71,-0.4819,DOWN
2025-11-07,5,0.1922,0.7151,0.0928,267.71,268.93,0.4549,UP
2025-11-10,2,0.2315,0.4891,0.2794,268.93,274.74,2.1601,UP
2025-11-11,7,0.247,0.637,0.1161,274.74,272.96,-0.6467,DOWN
2025-11-12,12,0.1722,0.4985,0.3294,272.96,272.44,-0.1901,DOWN
2025-11-13,1,0.022,0.8805,0.0975,272.44,271.9,-0.1979,DOWN
2025-11-14,2,0.0916,0.4717,0.4367,271.9,266.96,-1.8171,DOWN
2025-11-17,3,0.0427,0.8945,0.0629,266.96,266.94,-0.0075,DOWN
2025-11-18,6,0.1985,0.5278,0.2736,266.94,268.06,0.4188,UP
2025-11-19,9,0.2012,0.5065,0.2923,268.06,265.76,-0.8601,DOWN
2025-11-20,12,0.1369,0.6241,0.239,265.76,270.99,1.9681,UP
2025-11-21,7,0.0747,0.6863,0.239,270.99,275.41,1.6317,UP
2025-11-24,7,0.1208,0.6891,0.1901,275.41,276.46,0.3805,UP
2025-11-25,8,0.4104,0.4248,0.1648,276.46,277.04,0.2094,UP
2025-11-26,6,0.2432,0.4198,0.337,277.04,278.33,0.4684,UP
2025-11-28,6,0.332,0.4595,0.2084,278.33,282.58,1.5241,UP
2025-12-01,5,0.0323,0.8984,0.0693,282.58,285.66,1.0915,UP
2025-12-02,8,0.2394,0.6974,0.0632,285.66,283.62,-0.7128,DOWN
2025-12-03,5,0.2493,0.489,0.2617,283.62,280.18,-1.2141,DOWN
2025-12-04,6,0.5176,0.3251,0.1574,280.18,278.26,-0.684,DOWN
2025-12-05,6,0.1052,0.4477,0.447,278.26,277.37,-0.3192,DOWN
2025-12-08,4,0.3721,0.5681,0.0598,277.37,276.67,-0.2555,DOWN
2025-12-09,10,0.2247,0.4125,0.3627,276.67,278.26,0.5772,UP
2025-12-10,5,0.1836,0.6815,0.1349,278.26,277.51,-0.269,DOWN
2025-12-11,3,0.2444,0.6426,0.1129,277.51,277.76,0.0899,UP
2025-12-12,7,0.1835,0.6018,0.2147,277.76,273.6,-1.4985,DOWN
2025-12-15,4,0.014,0.8228,0.1632,273.6,274.1,0.1824,UP
2025-12-16,8,0.0672,0.7633,0.1695,274.1,271.34,-1.0087,DOWN
2025-12-17,9,0.0309,0.68,0.2891,271.34,271.69,0.1288,UP
2025-12-18,6,0.0233,0.7294,0.2473,271.69,273.16,0.5437,UP
2025-12-19,8,0.0217,0.9113,0.0671,273.16,270.47,-0.9866,DOWN
2025-12-22,11,0.0775,0.7319,0.1907,270.47,271.85,0.513,UP
2025-12-23,2,0.3131,0.6043,0.0826,271.85,273.3,0.5324,UP
2025-12-24,4,0.0315,0.9144,0.0542,273.3,272.89,-0.1497,DOWN
2025-12-26,6,0.1341,0.7338,0.1321,272.89,273.25,0.1317,UP
